109083611	respect.n.03	0.374
109088982	esteem.n.01	0.447
109110001	modesty.n.02	0.657
109110976	deference.n.02	0.751
109113614	shame.n.01	0.762
100733763	modesty.n.02	0.681
117543838	modesty.n.01	0.757
109169992	embarrassment.n.01	0.86
109170119	modesty.n.02	0.543
117579245	shame.n.01	0.778
100815959	fear.n.03	0.727
100831277	shame.n.01	0.607
117615282	fear.n.03	0.833
109238199	modesty.n.02	0.581
100867977	awe.n.01	0.801
100868183	dignity.n.02	0.683
100881895	modesty.n.02	0.657
117670045	modesty.n.02	0.632
109308168	modesty.n.02	0.721
117697022	modesty.n.02	0.516
117707907	modesty.n.02	0.678
117710527	modesty.n.01	0.521
109332745	fear.n.03	0.776
117723830	modesty.n.02	0.649
117727560	modesty.n.01	0.611
109347213	deference.n.02	None
109347245	respect.n.03	0.506
109347310	regard.n.06	0.5
117746407	modesty.n.02	0.556
117746533	modesty.n.02	0.648
117746592	modesty.n.01	0.8
117754835	modesty.n.01	0.666
117755584	modesty.n.01	0.659
109368684	abashment.n.01	None
109370555	shame.n.02	0.497
117764432	esteem.n.01	0.524
117764712	behavior.n.01	0.602
109505100	fear.n.03	0.897
109508686	fear.n.03	0.838
101163605	gentleness.n.02	0.989
117988248	modesty.n.01	0.568
117993315	modesty.n.02	0.568
117998340	modesty.n.01	0.762
118008283	modesty.n.02	0.595
118010225	modesty.n.01	0.664
101265599	consideration.n.04	0.943
101371306	modesty.n.01	0.657
109764404	modesty.n.01	0.651
101385763	abashment.n.01	None
101423773	modesty.n.01	0.616
101433868	modesty.n.02	0.559
101454664	respect.n.03	0.602
101512383	esteem.n.01	0.579
118300546	modesty.n.01	0.58
101534040	honor.n.02	0.867
118312743	respect.n.03	0.588
109932025	modesty.n.01	0.72
109944751	shame.n.02	0.692
109951796	modesty.n.01	0.802
101579598	consideration.n.04	None
101579675	deference.n.02	0.4
118379160	awe.n.01	0.658
109997351	respect.n.03	0.578
101609547	modesty.n.02	0.7
101610903	modesty.n.01	0.576
110003531	esteem.n.01	0.452
110004831	deference.n.01	0.513
110006667	holiness.n.01	None
118395641	modesty.n.01	0.792
118395708	modesty.n.01	0.619
118395783	modesty.n.01	0.63
110015694	esteem.n.01	0.613
110025337	modesty.n.02	0.629
110027083	deference.n.01	0.564
110032091	devotion.n.01	0.902
110033002	propriety.n.01	None
118428866	esteem.n.01	0.634
101654174	fear.n.03	0.732
110046610	esteem.n.01	0.337
101658107	fear.n.03	0.835
101661116	modesty.n.02	0.575
110052636	modesty.n.02	0.545
110052954	regard.n.06	0.371
110053859	clemency.n.02	0.597
101667537	fear.n.03	0.765
110065020	shame.n.01	0.761
101676942	fear.n.03	0.727
101676968	fear.n.03	0.712
101677005	fear.n.03	0.801
101677068	fear.n.03	0.621
101677072	fear.n.03	0.771
110080569	regard.n.06	0.619
110085290	modesty.n.01	0.696
118509185	esteem.n.01	0.474
101769410	fear.n.03	0.836
101807648	modesty.n.01	0.63
101877681	modesty.n.02	0.603
101877770	modesty.n.02	0.669
101878572	modesty.n.01	0.601
101917455	modesty.n.01	0.639
101917530	modesty.n.01	0.608
101917549	modesty.n.01	0.678
101917590	modesty.n.01	0.642
101917599	modesty.n.01	0.553
101933280	shame.n.01	0.506
101963214	esteem.n.01	0.661
101963239	esteem.n.01	0.416
101963274	esteem.n.01	0.385
101963324	esteem.n.01	0.775
101965707	esteem.n.01	0.364
118765464	modesty.n.01	0.546
110397100	respect.n.03	0.356
118787171	expression.n.01	0.934
118832736	modesty.n.02	0.545
102099840	fear.n.03	0.764
102100447	awe.n.01	0.637
102100449	awe.n.01	0.668
118899497	shame.n.01	0.704
102133246	awe.n.01	0.617
102133435	fear.n.03	0.748
102145335	fear.n.03	0.845
118926581	modesty.n.02	0.515
118932106	modesty.n.01	0.765
118933126	nakedness.n.01	0.993
102199539	modesty.n.02	0.817
102200329	modesty.n.01	0.76
102207858	modesty.n.02	0.529
102208259	modesty.n.01	0.777
102217251	fear.n.03	0.652
102221969	modesty.n.02	0.738
102226786	modesty.n.01	0.702
102241449	modesty.n.02	0.713
102273995	pardon.n.02	0.471
119086616	shame.n.01	0.832
102321715	fear.n.03	0.741
102327566	fear.n.03	0.69
102363312	shame.n.01	0.863
102373116	modesty.n.01	0.663
102390795	shame.n.02	0.457
119342698	modesty.n.01	0.564
119343736	sense_of_shame.n.01	None
119346841	shame.n.01	0.735
119384597	shame.n.01	0.511
111191769	shame.n.01	0.884
111191774	shame.n.01	0.653
111192371	shame.n.01	0.848
102970433	fear.n.03	0.823
102973252	shame.n.01	0.884
102977841	shame.n.01	0.75
102978089	shame.n.01	0.851
102978598	shame.n.01	0.831
102978966	shame.n.02	0.521
103202909	deference.n.02	0.631
103203128	modesty.n.02	0.917
103670593	shame.n.01	0.971
103678076	sense_of_shame.n.01	None
103678995	shame.n.01	0.833
103679019	shame.n.02	0.642
103682497	modesty.n.01	0.542
120650660	fear.n.03	0.829
112413292	regard.n.06	0.465
120979509	shame.n.01	0.721
120982894	modesty.n.01	0.58
120984341	modesty.n.01	0.768
120985122	modesty.n.01	0.808
104362594	esteem.n.01	0.477
104474506	shame.n.01	0.832
104474524	shame.n.01	0.906
121262810	shame.n.01	0.909
104487819	shame.n.02	0.675
121394719	esteem.n.01	0.406
104853003	fear.n.03	0.77
113334289	modesty.n.02	0.587
113351868	shame.n.01	0.569
113354224	loyalty.n.01	0.854
113404556	modesty.n.02	0.764
113417982	sense_of_shame.n.01	None
113449294	abashment.n.01	None
113451003	embarrassment.n.01	0.572
113455101	nakedness.n.01	0.99
113458327	fear.n.03	0.713
113501430	respect.n.03	0.35
113520807	devotion.n.02	0.859
113526780	shame.n.01	0.835
113534504	scruple.n.03	0.526
113565103	shame.n.01	0.789
113574165	respect.n.03	0.399
113588299	respect.n.03	0.726
113652988	deference.n.02	0.328
113653263	respect.n.03	0.328
113669062	respect.n.03	0.351
113927909	shame.n.02	0.751
122619558	modesty.n.01	0.763
122661576	modesty.n.01	0.519
122668494	shame.n.01	0.716
122689384	modesty.n.01	0.689
122786569	modesty.n.01	0.633
122788982	modesty.n.01	0.702
122791481	modesty.n.01	0.647
106122884	modesty.n.02	0.614
106138158	modesty.n.01	0.825
106138174	modesty.n.01	0.595
106171811	modesty.n.01	0.762
106171873	modesty.n.01	0.517
106203733	shame.n.01	0.747
106206070	fear.n.03	0.732
114638702	fear.n.03	0.578
106260414	modesty.n.02	0.636
106265049	shame.n.02	0.692
114661627	fear.n.03	0.921
114661698	fear.n.03	0.832
123053071	modesty.n.02	0.501
106291532	modesty.n.01	0.522
106303414	modesty.n.01	0.751
106309787	modesty.n.01	0.554
106313283	shame.n.01	0.857
106313305	shame.n.01	0.673
106313337	shame.n.01	0.724
106313384	shame.n.01	0.566
106313450	shame.n.01	0.703
106313518	modesty.n.01	0.623
106320271	modesty.n.01	0.656
106337427	fear.n.03	0.761
106338355	modesty.n.02	0.685
106347253	shame.n.01	0.586
106348913	modesty.n.01	0.51
106359137	shame.n.01	0.866
106360033	modesty.n.02	0.812
106376445	modesty.n.02	0.944
106392072	deference.n.01	0.354
106394623	modesty.n.02	0.633
106398350	modesty.n.02	0.511
106399552	modesty.n.01	0.594
106405554	modesty.n.01	0.679
106410210	shame.n.01	0.897
106433237	modesty.n.02	0.713
106468719	regard.n.06	0.595
106484471	respect.n.03	0.4
106485129	modesty.n.01	0.63
106486846	modesty.n.02	0.566
106487095	modesty.n.01	0.615
106487191	modesty.n.01	0.603
106494397	modesty.n.01	0.505
106496354	respect.n.03	0.391
106496506	modesty.n.01	0.572
106504623	modesty.n.01	0.645
106517356	respect.n.03	0.444
106522077	modesty.n.02	0.626
106527886	modesty.n.01	0.733
106530310	deference.n.02	0.375
106539307	regard.n.06	0.377
106545142	modesty.n.02	0.632
123323575	contempt.n.01	0.613
106548016	fear.n.03	0.839
106549559	fear.n.03	0.914
106549804	respect.n.03	0.709
123334061	fear.n.03	0.788
106560590	modesty.n.01	0.572
123338781	fear.n.03	0.765
106563931	modesty.n.01	0.606
106569516	moderation.n.01	0.55
106571295	modesty.n.01	0.572
106576962	esteem.n.01	0.438
106580395	temperance.n.01	0.618
106584227	shame.n.01	0.835
106585137	fear.n.03	0.82
106588267	respect.n.03	0.546
123531159	fear.n.03	0.959
123572433	modesty.n.02	0.568
106795841	modesty.n.02	0.628
115264910	modesty.n.02	0.504
115273759	modesty.n.01	0.544
115384153	sense_of_shame.n.01	None
115394183	regard.n.06	0.491
115415124	compunction.n.01	None
115421087	awe.n.01	0.694
107084687	loin.n.02	0.979
115482064	regard.n.06	0.478
107095065	sense_of_shame.n.01	None
107096201	fear.n.03	0.711
107111299	deference.n.02	0.746
123891624	abashment.n.01	None
115516403	regard.n.06	0.473
107153006	shame.n.01	0.765
123930577	modesty.n.01	0.731
115545952	modesty.n.01	0.565
123935946	shame.n.02	0.964
107166783	virtue.n.03	0.712
123967276	sense_of_shame.n.01	None
123973849	shame.n.01	0.778
107204118	modesty.n.02	0.842
123989364	modesty.n.01	0.546
123990502	nakedness.n.01	0.988
107214941	modesty.n.02	0.542
123992954	shame.n.01	0.68
123994180	shame.n.01	0.89
123994336	shame.n.01	0.827
123994385	shame.n.01	0.777
123994443	shame.n.01	0.675
123997426	sense_of_shame.n.01	None
107231835	regard.n.06	0.522
107233990	deference.n.02	0.441
107234330	respect.n.03	0.494
107240227	deference.n.02	0.377
115639318	shame.n.01	0.845
107263755	modesty.n.02	0.702
107263898	fear.n.03	0.925
115654576	regard.n.06	0.446
115657140	deference.n.02	0.52
107316254	esteem.n.01	0.306
115707897	shame.n.01	0.918
107349566	sense_of_shame.n.01	None
115742061	shame.n.01	0.622
107369097	modesty.n.01	0.533
115799496	modesty.n.01	0.566
115815108	attentiveness.n.01	0.472
115855743	fear.n.03	0.827
115869295	shame.n.01	0.838
115891181	fear.n.03	0.821
115908312	respect.n.03	0.434
115909444	respect.n.03	0.317
115976443	fear.n.03	0.861
116015435	modesty.n.01	0.662
116036215	fear.n.03	0.883
116093847	respect.n.03	0.528
116113044	fear.n.03	0.832
116113267	fear.n.03	0.768
107761785	shame.n.01	0.824
124541636	shame.n.02	0.603
124554104	shame.n.02	0.739
124573807	modesty.n.01	0.658
124573838	modesty.n.02	0.627
124583509	shame.n.01	0.549
124599927	fear.n.03	0.597
116219755	reverence.n.03	0.545
116219835	fear.n.03	0.867
116220142	fear.n.03	0.732
116221248	modesty.n.02	0.669
124614654	pride.n.02	0.657
124616983	respect.n.03	0.493
124621271	esteem.n.01	0.405
116233211	shame.n.01	0.565
116237350	courage.n.01	None
116237429	sense_of_shame.n.01	None
124628269	respect.n.03	0.574
116257070	shame.n.01	0.59
116257822	attentiveness.n.01	0.642
116277941	fear.n.03	0.97
116281587	commiseration.n.01	0.843
116282038	modesty.n.02	0.603
116283194	respect.n.03	0.552
116283912	respect.n.03	0.598
124676255	respect.n.03	0.368
116294927	regard.n.06	0.537
116307701	regard.n.06	0.383
124716984	deference.n.01	0.43
108094027	modesty.n.02	0.871
116773382	fear.n.03	0.829
116774710	respect.n.03	0.438
116782543	shame.n.01	0.877
108399823	modesty.n.02	0.688
108400123	shame.n.01	0.771
100011651	esteem.n.01	0.486
116791340	shame.n.01	0.544
108402746	shame.n.01	0.883
116811426	modesty.n.01	0.572
100052807	respect.n.03	0.506
116838793	awe.n.01	0.589
116839979	fear.n.03	0.832
116845375	forgiveness.n.01	0.538
116845970	deference.n.02	0.426
116850115	honor.n.02	0.888
100082198	regard.n.06	0.473
100083031	deference.n.02	0.316
100087093	shame.n.01	0.725
116864843	fear.n.03	0.797
116882828	respect.n.03	0.412
116887569	esteem.n.01	0.39
116894719	deference.n.02	0.325
116902075	respect.n.03	0.414
100127779	decency.n.01	0.768
108530543	fear.n.03	0.812
116919443	shame.n.01	0.722
108544022	fear.n.03	0.858
108549474	modesty.n.02	0.754
108552916	shame.n.01	0.933
108554240	modesty.n.02	0.65
100165893	shame.n.02	0.512
108554683	modesty.n.02	0.819
100167232	esteem.n.01	0.616
108568006	fear.n.03	0.903
108570022	modesty.n.02	0.685
100195298	esteem.n.01	0.384
108596781	respect.n.03	0.395
116989587	shame.n.01	0.619
116992821	respect.n.03	0.453
100220342	shame.n.01	0.811
100243425	fear.n.03	0.703
100252442	fear.n.03	0.653
100253502	shame.n.01	0.542
100253510	shame.n.01	0.542
100253520	shame.n.02	0.533
100253569	honor.n.03	0.917
117036253	esteem.n.01	0.49
108650666	fear.n.03	0.753
108651969	fear.n.03	0.894
108655052	fear.n.03	0.818
108666204	fear.n.03	0.853
108670938	fear.n.03	0.882
117061910	shame.n.01	0.845
117073516	fear.n.03	0.859
100299740	respect.n.03	0.288
100300033	honor.n.03	0.868
117077383	modesty.n.02	0.572
100301047	esteem.n.01	0.421
100305255	honor.n.02	0.529
100306293	honor.n.02	0.618
100323264	shame.n.01	0.675
117107532	regard.n.06	0.497
108719110	respect.n.03	0.458
117114136	sense_of_shame.n.01	None
117119258	respect.n.03	0.429
117119632	sense_of_shame.n.01	None
117122065	fear.n.03	0.854
117145311	shame.n.01	0.939
117145662	shame.n.01	0.685
117145695	shame.n.01	0.544
117146392	respect.n.03	0.416
117152106	shame.n.01	0.835
117159362	deference.n.02	0.452
117168606	esteem.n.01	0.364
117168721	respect.n.03	0.446
117177030	respect.n.03	0.29
117179786	shame.n.01	0.846
117184527	confusion.n.03	0.363
117189164	shame.n.01	0.938
117198683	esteem.n.01	0.347
117198872	shame.n.01	0.93
117209870	shame.n.01	0.623
108837439	shame.n.01	0.901
108838935	restraint.n.02	0.819
108845643	modesty.n.01	0.677
117240103	discord.n.02	0.648
108852695	shame.n.01	0.5
108874938	deference.n.02	0.493
100486816	impression.n.01	0.482
100489495	commiseration.n.01	0.768
100493797	honor.n.03	0.621
100500602	regard.n.06	0.567
108901960	esteem.n.01	0.815
108902175	respect.n.03	0.41
108923115	fear.n.03	0.877
117313228	modesty.n.01	0.749
100542428	honor.n.02	0.404
117323276	regard.n.06	0.449
108936874	shame.n.01	0.62
100548269	shame.n.02	0.746
117327601	deference.n.02	0.342
108942169	respect.n.03	0.669
108942649	regard.n.06	0.474
117336335	embarrassment.n.01	0.833
108948370	fear.n.03	0.861
100560147	modesty.n.01	0.566
117338912	respect.n.03	0.532
108952177	fear.n.03	0.737
108958276	respect.n.03	0.603
100570223	consideration.n.06	0.536
108961295	respect.n.03	0.376
108963017	regard.n.06	0.474
117361571	shame.n.02	0.586
100590126	shame.n.01	0.93
117368369	shame.n.01	0.577
100596741	shame.n.01	0.6
108987751	clemency.n.02	0.37
108987810	sense_of_shame.n.01	None
117377384	modesty.n.01	0.507
100618745	shame.n.01	0.669
109018839	regard.n.06	0.354
100633044	shame.n.01	0.805
100635795	shame.n.01	0.878
109032831	modesty.n.02	0.826
100645054	modesty.n.02	0.513
109034802	regard.n.06	0.349
100647156	modesty.n.02	0.727
