117454995	flesh.n.01	0.651
117458884	flesh.n.01	0.788
109075342	flesh.n.01	0.574
117467466	human_body.n.01	0.728
117472702	human_body.n.01	0.603
117482726	flesh.n.01	0.912
117482739	flesh.n.01	0.969
117492918	human_body.n.01	0.698
117495137	human_body.n.01	0.936
117498590	flesh.n.01	0.984
117500382	human_body.n.01	0.813
117500517	flesh.n.01	0.958
117502479	human_body.n.01	0.93
117502502	human_body.n.01	0.848
117502709	body.n.01	0.972
109114737	flesh.n.01	0.569
117503517	human_body.n.01	0.91
117503530	human_body.n.01	0.769
117503534	human_body.n.01	0.78
117503539	human_body.n.01	0.765
117504559	human_body.n.01	0.686
117504591	human_body.n.01	0.711
109122442	flesh.n.01	0.69
117511102	human_body.n.01	0.857
117511199	human_body.n.01	0.828
117511277	human_body.n.01	0.836
117511310	human_body.n.01	0.788
117513668	human_body.n.01	0.817
117514105	body.n.01	0.973
117514831	human_body.n.01	0.865
117514961	human_body.n.01	0.901
117515148	human_body.n.01	0.737
117516668	human_body.n.01	0.834
117516896	human_body.n.01	0.641
117517321	human_body.n.01	0.847
117517718	human_body.n.01	0.956
117517767	human_body.n.01	0.921
117517805	human_body.n.01	0.898
117517834	human_body.n.01	0.963
117518204	human_body.n.01	0.772
117518525	human_body.n.01	0.874
117518996	human_body.n.01	0.883
117519340	human_body.n.01	0.919
117519377	human_body.n.01	0.903
117519502	human_body.n.01	0.837
117519515	human_body.n.01	0.81
117519604	human_body.n.01	0.827
117519610	human_body.n.01	0.745
117519614	human_body.n.01	0.672
117519621	human_body.n.01	0.697
117519637	human_body.n.01	0.967
117519671	human_body.n.01	0.92
117519727	human_body.n.01	0.755
117519730	human_body.n.01	0.701
117519736	human_body.n.01	0.741
117520265	human_body.n.01	0.905
117521083	flesh.n.01	0.568
117521084	flesh.n.01	0.719
109135117	flesh.n.01	0.971
117523952	human_body.n.01	0.714
117524314	human_body.n.01	0.647
117524377	human_body.n.01	0.925
117524546	human_body.n.01	0.763
117524567	human_body.n.01	0.811
117524615	human_body.n.01	0.764
117524965	human_body.n.01	0.943
117524974	human_body.n.01	0.961
117526659	human_body.n.01	0.848
117527472	human_body.n.01	0.91
117528794	human_body.n.01	0.804
117532159	human_body.n.01	0.877
117532185	human_body.n.01	0.881
117532189	human_body.n.01	0.792
117532428	human_body.n.01	0.803
117532463	human_body.n.01	0.974
117532516	human_body.n.01	0.742
117532775	human_body.n.01	0.865
117533829	human_body.n.01	0.88
117533834	human_body.n.01	0.774
117534628	human_body.n.01	0.719
117534642	human_body.n.01	0.667
117534653	human_body.n.01	0.646
117534691	human_body.n.01	0.914
117534773	human_body.n.01	0.958
117535183	human_body.n.01	0.947
117535256	human_body.n.01	0.817
117540767	human_body.n.01	0.851
117542460	human_body.n.01	0.677
117543294	human_body.n.01	0.727
117543322	human_body.n.01	0.787
117545285	human_body.n.01	0.929
117545741	human_body.n.01	0.96
117546610	human_body.n.01	0.984
117549557	human_body.n.01	0.784
117549682	human_body.n.01	0.494
117549929	human_body.n.01	0.811
117550431	human_body.n.01	0.924
117550443	human_body.n.01	0.653
117550551	human_body.n.01	0.833
117554984	human_body.n.01	0.779
117559478	human_body.n.01	0.94
109173088	human_body.n.01	0.915
109173673	human_body.n.01	0.899
117564063	human_body.n.01	0.893
117565956	flesh.n.01	0.545
117567085	flesh.n.01	0.939
117569003	human_body.n.01	0.935
117569930	human_body.n.01	0.837
117572534	human_body.n.01	0.803
117573003	human_body.n.01	0.972
100798255	flesh.n.01	0.744
117586146	soul.n.01	0.663
117586269	flesh.n.01	0.963
117586500	human_body.n.01	0.933
117586559	human_body.n.01	0.889
117595145	human_body.n.01	0.794
117596610	human_body.n.01	0.628
117600041	human_body.n.01	0.884
117600106	human_body.n.01	0.907
117601100	human_body.n.01	0.765
117601124	human_body.n.01	0.801
117601427	human_body.n.01	0.828
117601437	human_body.n.01	0.782
117601760	human_body.n.01	0.798
117601780	human_body.n.01	0.786
109213210	meat.n.01	0.895
117609172	human_body.n.01	0.84
117609408	human_body.n.01	0.865
117609499	human_body.n.01	0.855
117609663	human_body.n.01	0.834
117609668	human_body.n.01	0.819
117611870	human_body.n.01	0.774
117611875	human_body.n.01	0.901
117614570	animal.n.01	None
117614835	human_body.n.01	0.857
117614847	flesh.n.01	0.855
117614881	flesh.n.01	0.86
117614903	flesh.n.01	0.645
117620444	human_body.n.01	0.869
117621179	human_body.n.01	0.867
117624595	human_body.n.01	0.954
117624897	human_body.n.01	0.882
117625609	human_body.n.01	0.958
117625762	human_body.n.01	0.781
117625782	human_body.n.01	0.786
117625817	human_body.n.01	0.599
100849023	human_body.n.01	0.645
117627304	human_body.n.01	0.955
117627983	human_body.n.01	0.924
117631127	human_body.n.01	0.874
109243862	flesh.n.01	0.626
117639743	flesh.n.01	0.497
117639775	flesh.n.01	0.625
117640177	flesh.n.01	0.532
117640183	flesh.n.01	0.707
117640188	flesh.n.01	0.707
100875839	flesh.n.01	0.761
100901147	flesh.n.01	0.899
117682557	body.n.01	0.965
117682622	body.n.01	0.722
117694985	flesh.n.01	0.715
117696385	flesh.n.01	0.967
100926357	flesh.n.01	0.897
117710103	human_body.n.01	0.877
117711554	human_body.n.01	0.642
117711561	human_body.n.01	0.503
117711619	human_body.n.01	0.874
117718869	pulp.n.02	0.887
117718887	flesh.n.01	0.527
117718915	human_body.n.01	0.714
117719116	human_body.n.01	0.871
117719572	flesh.n.01	0.774
109331406	flesh.n.01	0.82
109353712	human_body.n.01	0.705
109362902	flesh.n.01	0.695
117753156	flesh.n.01	0.696
109368637	flesh.n.01	0.559
109384616	flesh.n.01	0.645
117774179	flesh.n.01	0.759
109387177	human_body.n.01	0.808
109400484	flesh.n.01	0.864
109401891	flesh.n.01	0.562
117792533	human_body.n.01	0.71
117792583	flesh.n.01	0.779
117792588	flesh.n.01	0.757
117792594	flesh.n.01	0.757
109504455	body.n.01	0.943
117953021	flesh.n.01	0.58
117953515	flesh.n.01	0.816
117953526	flesh.n.01	0.816
117953537	human_body.n.01	0.931
117959947	flesh.n.01	0.882
109593529	flesh.n.01	0.908
109593589	flesh.n.01	0.975
117992838	human_body.n.01	0.675
117995179	human_body.n.01	0.583
118007638	human_body.n.01	0.725
109647814	body.n.01	0.586
109647888	body.n.01	0.957
109648008	body.n.01	0.98
109648383	body.n.01	0.895
109648706	body.n.01	0.976
109648726	body.n.01	0.945
109648801	body.n.01	0.977
109648948	body.n.01	0.934
109648968	body.n.01	0.973
109649061	body.n.01	0.966
109649392	body.n.01	0.979
109649434	body.n.01	0.962
109649438	body.n.01	0.962
109649717	body.n.01	0.967
109649937	body.n.01	0.971
109650387	body.n.01	0.974
109651670	body.n.01	0.97
109652271	body.n.01	0.974
109658072	body.n.01	0.962
109704903	body.n.01	0.98
118107133	flesh.n.01	0.995
109720953	flesh.n.01	0.952
109721351	pulp.n.02	0.796
118110000	flesh.n.01	0.984
109721940	meat.n.01	0.971
118111084	flesh.n.01	0.96
109722491	flesh.n.01	0.835
109722581	flesh.n.01	0.893
109722746	flesh.n.01	0.953
109722776	flesh.n.01	0.941
109722810	flesh.n.01	0.917
118111462	flesh.n.01	0.893
109753012	flesh.n.01	0.704
109805324	meat.n.01	0.991
109806240	flesh.n.01	0.881
109815389	meat.n.01	0.986
109815945	flesh.n.01	0.679
109816502	human_body.n.01	0.57
109817493	flesh.n.01	0.99
109818920	flesh.n.01	0.844
109821028	meat.n.01	0.997
109827121	meat.n.01	0.999
109838059	flesh.n.01	0.667
109838109	flesh.n.01	0.955
109846377	meat.n.01	0.998
109855275	meat.n.01	0.995
109856682	flesh.n.01	0.981
109856723	flesh.n.01	0.919
109864832	pork.n.01	0.999
109921779	human_body.n.01	0.645
109925379	flesh.n.01	0.696
118338978	flesh.n.01	0.528
118353321	flesh.n.01	0.784
109966116	veal.n.01	None
109970611	pulp.n.02	0.782
109973261	flesh.n.01	0.992
118392124	flesh.n.01	0.889
118404787	flesh.n.01	0.929
101627587	flesh.n.01	0.662
110049629	flesh.n.01	0.645
110054227	flesh.n.01	0.803
110055435	flesh.n.01	0.768
110056488	flesh.n.01	0.945
110056642	flesh.n.01	0.983
110057783	flesh.n.01	0.967
110058160	human_body.n.01	0.779
110059030	flesh.n.01	0.916
110060214	flesh.n.01	0.848
110073206	flesh.n.01	0.937
110083662	flesh.n.01	0.52
101710984	human_body.n.01	0.595
101710985	flesh.n.01	0.938
101711802	flesh.n.01	0.947
110100675	human_body.n.01	0.814
110102400	human_body.n.01	0.877
110102408	human_body.n.01	0.864
110106409	human_body.n.01	0.918
110108611	human_body.n.01	0.816
110118111	human_body.n.01	0.898
110118120	human_body.n.01	0.909
110120998	human_body.n.01	0.971
110122054	human_body.n.01	0.816
110126220	human_body.n.01	0.98
110146019	human_body.n.01	0.656
110146400	human_body.n.01	0.644
110146414	human_body.n.01	0.866
110147829	human_body.n.01	0.544
110147830	flesh.n.01	0.675
110151452	human_body.n.01	0.765
110151470	human_body.n.01	0.861
110151488	human_body.n.01	0.52
110151509	flesh.n.01	0.507
110151529	human_body.n.01	0.694
110151547	flesh.n.01	0.548
110151679	flesh.n.01	0.569
110153122	human_body.n.01	0.744
110160596	human_body.n.01	0.746
110165222	human_body.n.01	0.946
110165432	human_body.n.01	0.948
110165539	human_body.n.01	0.777
110185067	human_body.n.01	0.804
110186129	human_body.n.01	0.854
110186466	human_body.n.01	0.989
110186667	human_body.n.01	0.84
110187899	human_body.n.01	0.935
110188118	human_body.n.01	0.941
110188391	human_body.n.01	0.895
110188537	human_body.n.01	0.723
110188582	human_body.n.01	0.77
110188592	human_body.n.01	0.76
110188602	human_body.n.01	0.866
110188615	human_body.n.01	0.839
110188624	flesh.n.01	0.5
110188628	flesh.n.01	0.528
110188643	human_body.n.01	0.839
110188659	human_body.n.01	0.913
110188680	human_body.n.01	0.987
110188692	human_body.n.01	0.874
110188781	human_body.n.01	0.776
110188784	human_body.n.01	0.655
110188790	human_body.n.01	0.833
110189343	human_body.n.01	0.909
110189379	human_body.n.01	0.871
110189438	human_body.n.01	0.878
110190575	human_body.n.01	0.966
110191668	human_body.n.01	0.831
110193700	human_body.n.01	0.868
110193761	human_body.n.01	0.913
110195047	human_body.n.01	0.785
110195530	human_body.n.01	0.732
110196127	human_body.n.01	0.865
110197507	human_body.n.01	0.849
110200549	flesh.n.01	0.825
110200552	flesh.n.01	0.632
110200561	flesh.n.01	0.935
110200566	flesh.n.01	0.929
110200751	human_body.n.01	0.777
110201700	human_body.n.01	0.805
110202736	human_body.n.01	0.872
110203158	human_body.n.01	0.866
110203164	human_body.n.01	0.917
110203610	human_body.n.01	0.852
110203686	human_body.n.01	0.84
110204798	human_body.n.01	0.748
110204802	human_body.n.01	0.889
110204807	human_body.n.01	0.849
110205429	human_body.n.01	0.78
110205847	human_body.n.01	0.638
110206762	human_body.n.01	0.929
110207230	human_body.n.01	0.978
110207292	human_body.n.01	0.936
110207370	human_body.n.01	0.855
110208056	human_body.n.01	0.745
110208068	human_body.n.01	0.825
110208214	human_body.n.01	0.651
110208331	human_body.n.01	0.829
110208556	human_body.n.01	0.73
110208603	human_body.n.01	0.539
110208610	human_body.n.01	0.755
110208621	human_body.n.01	0.763
110208652	human_body.n.01	0.923
110208743	human_body.n.01	0.886
110208885	human_body.n.01	0.873
110208889	human_body.n.01	0.807
110208953	human_body.n.01	0.854
110208986	human_body.n.01	0.787
110209576	human_body.n.01	0.937
110209583	human_body.n.01	0.7
110209715	human_body.n.01	0.92
110209725	human_body.n.01	0.883
110209798	human_body.n.01	0.938
110211255	human_body.n.01	0.935
110211297	human_body.n.01	0.885
110211405	human_body.n.01	0.895
110211539	human_body.n.01	0.829
110212177	human_body.n.01	0.83
110212216	human_body.n.01	0.894
110212902	human_body.n.01	0.843
110212911	human_body.n.01	0.777
110212919	human_body.n.01	0.939
110214071	human_body.n.01	0.899
110214140	human_body.n.01	0.81
110214277	human_body.n.01	0.904
110214331	human_body.n.01	0.805
110214452	human_body.n.01	0.718
110214493	human_body.n.01	0.903
110214688	human_body.n.01	0.673
110215072	human_body.n.01	0.858
110218881	human_body.n.01	0.936
110222466	human_body.n.01	0.834
110223160	human_body.n.01	0.638
110224027	human_body.n.01	0.852
110225615	human_body.n.01	0.683
110226250	human_body.n.01	0.817
110227455	human_body.n.01	0.972
110229953	human_body.n.01	0.707
110230738	flesh.n.01	0.536
110231572	human_body.n.01	0.88
110231623	human_body.n.01	0.812
110231659	human_body.n.01	0.896
110231670	human_body.n.01	0.91
110231685	human_body.n.01	0.933
110231753	human_body.n.01	0.859
110232849	human_body.n.01	0.807
110233009	human_body.n.01	0.707
110234078	human_body.n.01	0.784
110234983	human_body.n.01	0.903
110236091	human_body.n.01	0.921
110236625	human_body.n.01	0.844
110236640	human_body.n.01	0.832
110236953	flesh.n.01	0.67
110245089	flesh.n.01	0.643
110246309	flesh.n.01	0.594
110246312	flesh.n.01	0.662
110246315	flesh.n.01	0.616
110246318	flesh.n.01	0.918
110246326	human_body.n.01	0.597
110246438	flesh.n.01	0.933
101861486	flesh.n.01	0.791
101863071	human_body.n.01	0.57
118653115	human_body.n.01	0.805
110288345	flesh.n.01	0.582
110289069	blood.n.01	0.979
118720644	flesh.n.01	0.938
118722631	flesh.n.01	0.81
110388704	flesh.n.01	0.897
110388828	flesh.n.01	0.87
110389840	flesh.n.01	0.979
110391359	flesh.n.01	0.928
110391903	flesh.n.01	0.756
102007062	flesh.n.01	0.66
110396900	flesh.n.01	0.54
118788666	human_body.n.01	0.6
110401767	flesh.n.01	0.934
110401768	flesh.n.01	0.918
110411465	flesh.n.01	0.645
110415654	flesh.n.01	0.964
110422522	flesh.n.01	0.953
110424414	flesh.n.01	0.902
110424458	flesh.n.01	0.967
118905647	flesh.n.01	0.549
102131945	flesh.n.01	0.779
118935637	human_body.n.01	0.713
102170349	flesh.n.01	0.822
102170862	flesh.n.01	0.584
102170867	flesh.n.01	0.578
102171141	flesh.n.01	0.564
102171150	human_body.n.01	0.608
102172380	flesh.n.01	0.767
102173165	flesh.n.01	0.695
102175141	flesh.n.01	0.901
102175532	flesh.n.01	0.919
102175558	flesh.n.01	0.964
102175644	flesh.n.01	0.456
102175658	flesh.n.01	0.918
102175677	flesh.n.01	0.939
102175703	flesh.n.01	0.928
102175719	flesh.n.01	0.97
102175749	flesh.n.01	0.961
102175843	flesh.n.01	0.948
102175860	flesh.n.01	0.685
102175888	flesh.n.01	0.918
102175981	flesh.n.01	0.937
102176156	flesh.n.01	0.868
102176369	flesh.n.01	0.861
102176753	flesh.n.01	0.888
102177455	flesh.n.01	0.929
102178029	flesh.n.01	0.854
102178558	flesh.n.01	0.951
102178608	flesh.n.01	0.973
102178624	tendon.n.01	0.884
102178640	flesh.n.01	0.974
102178649	flesh.n.01	0.972
102178715	flesh.n.01	0.904
102178823	flesh.n.01	0.801
102179002	flesh.n.01	0.943
102179047	flesh.n.01	0.929
102179116	flesh.n.01	0.892
102179140	flesh.n.01	0.957
102179162	flesh.n.01	0.92
102179197	flesh.n.01	0.936
102179256	flesh.n.01	0.924
102179284	flesh.n.01	0.911
102179286	flesh.n.01	0.938
102179438	flesh.n.01	0.766
102179761	flesh.n.01	0.864
118983998	flesh.n.01	0.919
118985592	human_body.n.01	0.509
118991927	flesh.n.01	0.871
118995808	flesh.n.01	0.54
118995832	human_body.n.01	0.54
118995843	flesh.n.01	0.631
118999563	flesh.n.01	0.558
119004122	human_body.n.01	0.732
119005019	human_body.n.01	0.697
119005882	human_body.n.01	0.886
119006869	human_body.n.01	0.63
119007813	human_body.n.01	0.817
119007930	human_body.n.01	0.771
119009630	human_body.n.01	0.722
119018091	human_body.n.01	0.928
119018239	human_body.n.01	0.859
119018383	human_body.n.01	0.67
119020001	body.n.01	0.964
119021021	human_body.n.01	0.949
119021043	human_body.n.01	0.775
102245248	flesh.n.01	0.907
102249944	flesh.n.01	0.733
119029723	human_body.n.01	0.932
119039027	human_body.n.01	0.928
119040787	human_body.n.01	0.891
119049341	human_body.n.01	0.928
119056127	human_body.n.01	0.777
119058488	human_body.n.01	0.753
119059879	human_body.n.01	0.866
119060007	human_body.n.01	0.763
119069106	flesh.n.01	0.53
102305603	human_body.n.01	0.506
119108242	flesh.n.01	0.618
119108887	flesh.n.01	0.846
119113716	flesh.n.01	0.973
119122171	pulp.n.02	0.968
119122179	human_body.n.01	0.558
119125917	flesh.n.01	0.845
119126472	flesh.n.01	0.648
119126661	pulp.n.02	0.528
119126713	meat.n.01	0.837
119127001	flesh.n.01	0.899
119127053	flesh.n.01	0.904
119127083	flesh.n.01	0.996
119127125	flesh.n.01	0.992
119127318	flesh.n.01	0.976
119128132	flesh.n.01	0.983
119128188	flesh.n.01	0.83
119128264	flesh.n.01	0.988
119133449	flesh.n.01	0.91
119138361	flesh.n.01	0.903
119141261	pulp.n.02	0.687
102383057	body.n.01	0.964
119161600	flesh.n.01	0.959
102385253	flesh.n.01	0.513
102391607	flesh.n.01	0.765
119191514	pulp.n.02	0.952
119192359	pulp.n.02	0.783
119192847	fleshiness.n.01	None
119193258	fleshiness.n.01	None
119206421	flesh.n.01	0.94
102513443	human_body.n.01	0.741
102516193	body.n.01	0.915
102516621	body.n.01	0.949
119352701	eye.n.01	0.996
119354694	flesh.n.01	0.883
119354697	flesh.n.01	0.883
119363503	flesh.n.01	0.809
119365002	flesh.n.01	0.814
102592065	flesh.n.01	0.98
102592210	flesh.n.01	0.898
102592308	flesh.n.01	0.991
102593309	bone.n.01	0.981
102593558	flesh.n.01	0.952
102593596	flesh.n.01	0.938
102593629	flesh.n.01	0.977
102594107	flesh.n.01	0.95
102594122	flesh.n.01	0.926
102594244	flesh.n.01	0.635
102594353	flesh.n.01	0.978
102594965	flesh.n.01	0.98
102595010	flesh.n.01	0.853
102595052	flesh.n.01	0.809
102595074	flesh.n.01	0.98
102595212	flesh.n.01	0.96
102595249	flesh.n.01	0.949
102595867	flesh.n.01	0.962
102595914	flesh.n.01	0.809
102595934	flesh.n.01	0.872
102595976	flesh.n.01	0.836
102596008	flesh.n.01	0.908
102596299	flesh.n.01	0.942
102596455	flesh.n.01	0.98
102596930	flesh.n.01	0.901
119375077	skin.n.01	0.984
102600878	flesh.n.01	0.936
102603835	flesh.n.01	0.929
102608773	flesh.n.01	0.96
102608825	flesh.n.01	0.932
102610829	flesh.n.01	0.932
102610952	flesh.n.01	0.986
102611102	flesh.n.01	0.981
119389907	flesh.n.01	0.779
119390156	flesh.n.01	0.71
102615024	flesh.n.01	0.935
119392278	plumpness.n.01	None
119392386	pulp.n.02	0.925
102615724	flesh.n.01	0.644
119393643	flesh.n.01	0.996
119393915	flesh.n.01	0.763
102619547	flesh.n.01	0.733
102619969	flesh.n.01	0.95
102620039	flesh.n.01	0.97
102627304	flesh.n.01	0.935
102627388	skin.n.01	0.978
102627708	flesh.n.01	0.897
102627746	flesh.n.01	0.97
102627780	flesh.n.01	0.801
102627834	flesh.n.01	0.846
102627844	flesh.n.01	0.846
102627860	flesh.n.01	0.923
102627874	flesh.n.01	0.911
102629320	flesh.n.01	0.652
102629702	flesh.n.01	0.943
102629945	flesh.n.01	0.903
102629953	flesh.n.01	0.89
102630789	flesh.n.01	0.877
102630867	flesh.n.01	0.637
102632657	flesh.n.01	0.967
102634404	flesh.n.01	0.97
102634475	bone.n.01	0.97
102634682	flesh.n.01	0.97
102639421	flesh.n.01	0.641
102639687	flesh.n.01	0.982
102639910	human_body.n.01	0.575
102640487	flesh.n.01	0.802
102640903	flesh.n.01	0.95
102640980	flesh.n.01	0.877
102641143	flesh.n.01	0.781
102641236	flesh.n.01	0.941
102641565	flesh.n.01	0.973
102641611	flesh.n.01	0.927
102641677	flesh.n.01	0.754
102643012	flesh.n.01	0.964
102643127	flesh.n.01	0.968
102648481	human_body.n.01	0.672
102648681	flesh.n.01	0.887
102652395	flesh.n.01	0.987
102653231	human_body.n.01	0.635
102653735	flesh.n.01	0.687
111150955	flesh.n.01	0.958
111151017	flesh.n.01	0.959
111151022	flesh.n.01	0.886
111151205	flesh.n.01	0.863
111154682	flesh.n.01	0.936
111155558	flesh.n.01	0.982
111162725	flesh.n.01	0.942
111163741	flesh.n.01	0.968
111164170	flesh.n.01	0.781
102779945	skin.n.01	0.853
102780102	flesh.n.01	0.966
102780159	flesh.n.01	0.975
102780665	flesh.n.01	0.929
102780989	human_body.n.01	0.524
111189053	flesh.n.01	0.624
111189108	flesh.n.01	0.5
111189809	flesh.n.01	0.839
111189836	flesh.n.01	0.826
111189997	flesh.n.01	0.805
111190589	flesh.n.01	0.812
111192977	flesh.n.01	0.851
111194642	flesh.n.01	0.748
111195242	human_body.n.01	0.65
111197465	flesh.n.01	0.733
111197475	flesh.n.01	0.85
111197485	flesh.n.01	0.533
111197490	human_body.n.01	0.613
111197498	human_body.n.01	0.914
111197503	human_body.n.01	0.847
111197543	flesh.n.01	0.973
111197574	pulp.n.02	0.876
111197628	flesh.n.01	0.796
111197633	flesh.n.01	0.839
111197654	flesh.n.01	0.693
111197676	flesh.n.01	0.88
111197725	flesh.n.01	0.974
111197748	human_body.n.01	0.691
111197760	flesh.n.01	0.949
111197790	human_body.n.01	0.667
111197812	human_body.n.01	0.62
111197847	flesh.n.01	0.963
111198043	flesh.n.01	0.641
111198067	flesh.n.01	0.397
111198222	flesh.n.01	0.719
111198360	flesh.n.01	0.579
111198450	flesh.n.01	0.447
111198513	human_body.n.01	0.576
111198532	flesh.n.01	0.516
111202307	flesh.n.01	0.679
111202548	flesh.n.01	0.786
102905295	flesh.n.01	0.939
102915906	flesh.n.01	0.937
102916436	flesh.n.01	0.92
102916823	meat.n.01	0.998
102979523	pulp.n.02	0.635
102990713	human_body.n.01	0.855
102995808	flesh.n.01	0.944
102995890	human_body.n.01	0.554
102999459	body.n.01	0.922
103014176	flesh.n.01	0.823
103014727	human_body.n.01	0.516
103019197	flesh.n.01	0.707
103368662	human_body.n.01	0.715
103369022	flesh.n.01	0.873
103369050	skin.n.01	0.895
103370001	flesh.n.01	0.682
103370319	flesh.n.01	0.918
103373603	flesh.n.01	0.509
103376341	flesh.n.01	0.716
103376397	flesh.n.01	0.614
103376515	pulp.n.02	0.954
103377376	flesh.n.01	0.98
103377951	body.n.01	0.835
103378045	flesh.n.01	0.834
103378810	flesh.n.01	0.996
103433937	muscle.n.01	0.882
103569381	flesh.n.01	0.948
103569500	flesh.n.01	0.612
103570700	human_body.n.01	0.603
103579966	flesh.n.01	0.835
103580125	flesh.n.01	0.62
103580145	flesh.n.01	0.719
103580277	human_body.n.01	0.463
103580329	flesh.n.01	0.562
103580670	flesh.n.01	0.811
103580760	flesh.n.01	0.593
103580770	flesh.n.01	0.844
103584872	flesh.n.01	0.914
103584902	flesh.n.01	0.63
103584920	human_body.n.01	0.634
103586348	human_body.n.01	0.552
103619921	flesh.n.01	0.886
103619929	flesh.n.01	0.894
103619935	flesh.n.01	0.839
103619938	flesh.n.01	0.854
103619965	flesh.n.01	0.799
103619973	flesh.n.01	0.844
103636859	flesh.n.01	0.948
103637870	flesh.n.01	0.878
103637893	flesh.n.01	0.919
103637932	flesh.n.01	0.939
103638172	flesh.n.01	0.946
103641057	flesh.n.01	0.904
103767707	flesh.n.01	0.779
103767807	flesh.n.01	0.69
103767889	flesh.n.01	0.779
103768273	human_body.n.01	0.521
103768291	flesh.n.01	0.975
103768293	human_body.n.01	0.545
103768397	flesh.n.01	0.811
103768403	flesh.n.01	0.443
103768455	flesh.n.01	0.895
103768465	flesh.n.01	0.855
103768500	flesh.n.01	0.904
103769785	flesh.n.01	0.923
103777243	flesh.n.01	0.71
103777255	human_body.n.01	0.721
103777305	flesh.n.01	0.62
103777345	flesh.n.01	0.631
103781791	flesh.n.01	0.952
103782136	flesh.n.01	0.609
103783774	flesh.n.01	0.898
103783897	flesh.n.01	0.927
103784103	flesh.n.01	0.832
103784134	flesh.n.01	0.854
103785077	flesh.n.01	0.878
103792179	pulp.n.02	0.732
103792818	flesh.n.01	0.956
103800164	flesh.n.01	0.888
103808633	flesh.n.01	0.845
103813340	flesh.n.01	0.934
103815180	human_body.n.01	0.697
103818764	flesh.n.01	0.974
103818845	flesh.n.01	0.837
103824080	flesh.n.01	0.958
103824082	flesh.n.01	0.926
103824287	flesh.n.01	0.924
103824496	flesh.n.01	0.929
103824548	flesh.n.01	0.819
103824600	flesh.n.01	0.606
103824613	flesh.n.01	0.869
103824627	human_body.n.01	0.762
103824720	flesh.n.01	0.932
103824723	flesh.n.01	0.958
103824732	flesh.n.01	0.716
103824795	flesh.n.01	0.893
103824801	flesh.n.01	0.799
103824804	flesh.n.01	0.885
103824875	flesh.n.01	0.916
103824906	flesh.n.01	0.656
103824918	flesh.n.01	0.912
103824923	flesh.n.01	0.738
103824972	flesh.n.01	0.918
103824977	flesh.n.01	0.692
103824983	flesh.n.01	0.692
103834413	flesh.n.01	0.921
103834465	flesh.n.01	0.848
103834520	flesh.n.01	0.846
103834532	human_body.n.01	0.635
103834573	human_body.n.01	0.584
103834630	flesh.n.01	0.912
103834862	flesh.n.01	0.847
103834911	flesh.n.01	0.946
103837827	flesh.n.01	0.965
103837829	flesh.n.01	0.928
103837919	flesh.n.01	0.969
103837963	flesh.n.01	0.84
103837964	flesh.n.01	0.823
103838356	flesh.n.01	0.92
103840147	flesh.n.01	0.906
103842836	flesh.n.01	0.988
103842884	flesh.n.01	0.88
103842933	flesh.n.01	0.979
103843099	flesh.n.01	0.985
103843307	flesh.n.01	0.904
103843311	flesh.n.01	0.904
103843719	flesh.n.01	0.98
103850754	flesh.n.01	0.99
103851492	flesh.n.01	0.969
103851497	flesh.n.01	0.969
103856866	flesh.n.01	0.979
103857602	flesh.n.01	0.878
103859826	flesh.n.01	0.911
103863101	flesh.n.01	0.959
103863110	flesh.n.01	0.959
103863143	flesh.n.01	0.994
103863155	flesh.n.01	0.979
103863189	flesh.n.01	0.925
103863197	vein.n.01	0.99
103863232	flesh.n.01	0.804
103863238	flesh.n.01	0.827
103863312	flesh.n.01	0.876
103863390	flesh.n.01	0.996
103863417	flesh.n.01	0.995
103863726	flesh.n.01	0.986
103863738	flesh.n.01	0.967
103866513	flesh.n.01	0.703
103868423	flesh.n.01	0.949
103868429	flesh.n.01	0.977
103868507	flesh.n.01	0.912
103868559	pulp.n.02	0.742
103868574	flesh.n.01	0.747
103869047	flesh.n.01	0.991
103869084	flesh.n.01	0.981
103869094	flesh.n.01	0.993
103869109	flesh.n.01	0.994
120646409	human_body.n.01	0.898
103869238	flesh.n.01	0.971
103869638	flesh.n.01	0.909
103870828	flesh.n.01	0.902
120648578	human_body.n.01	0.842
103871406	human_body.n.01	0.714
103871594	flesh.n.01	0.927
103871699	pulp.n.02	0.728
103872271	flesh.n.01	0.98
120649517	blood.n.01	0.967
120651107	human_body.n.01	0.661
120651185	human_body.n.01	0.832
120651774	human_body.n.01	0.506
120651776	human_body.n.01	0.651
120651926	human_body.n.01	0.575
120654789	flesh.n.01	0.865
120654970	flesh.n.01	0.774
120654994	flesh.n.01	0.631
120655017	flesh.n.01	0.716
120655072	flesh.n.01	0.879
120655091	flesh.n.01	0.772
120655107	flesh.n.01	0.772
120655332	flesh.n.01	0.547
120655391	human_body.n.01	0.628
120659296	flesh.n.01	0.894
103885086	flesh.n.01	0.973
120664475	human_body.n.01	0.892
120664683	human_body.n.01	0.916
120664779	human_body.n.01	0.867
120664821	human_body.n.01	0.929
120664850	human_body.n.01	0.958
120665042	human_body.n.01	0.93
120665133	human_body.n.01	0.938
120665234	human_body.n.01	0.901
120665486	human_body.n.01	0.911
120665834	human_body.n.01	0.524
120666019	body.n.01	0.914
103888807	flesh.n.01	0.861
103888878	flesh.n.01	0.972
120666382	human_body.n.01	0.761
120667033	flesh.n.01	0.742
120667254	human_body.n.01	0.918
120668401	human_body.n.01	0.889
120680426	flesh.n.01	0.953
120680429	human_body.n.01	0.636
120684084	flesh.n.01	0.957
103907602	body.n.01	0.72
120684889	human_body.n.01	0.827
120688098	flesh.n.01	0.688
120688101	human_body.n.01	0.77
120689827	human_body.n.01	0.929
103912638	flesh.n.01	0.933
103912890	meat.n.01	0.988
120690602	human_body.n.01	0.86
120691585	human_body.n.01	0.936
120692007	human_body.n.01	0.707
120692076	human_body.n.01	0.886
120692124	human_body.n.01	0.865
120692179	human_body.n.01	0.855
120692201	human_body.n.01	0.954
120692222	human_body.n.01	0.931
120692234	human_body.n.01	0.936
120692241	human_body.n.01	0.896
120692247	human_body.n.01	0.877
120692266	human_body.n.01	0.734
120692278	human_body.n.01	0.912
120693210	human_body.n.01	0.88
120693224	human_body.n.01	0.917
120693239	human_body.n.01	0.801
120693264	human_body.n.01	0.873
120693276	human_body.n.01	0.95
120693289	human_body.n.01	0.94
120693310	human_body.n.01	0.931
120693838	human_body.n.01	0.869
103917084	flesh.n.01	0.996
103920874	pulp.n.02	0.992
103921012	flesh.n.01	0.941
103923574	flesh.n.01	0.663
103932367	flesh.n.01	0.927
103936418	flesh.n.01	0.973
103945649	flesh.n.01	0.935
103945838	human_body.n.01	0.631
103946179	flesh.n.01	0.828
120727088	human_body.n.01	0.852
120727344	human_body.n.01	0.786
120727350	human_body.n.01	0.572
120727550	human_body.n.01	0.583
120727580	human_body.n.01	0.801
103972775	flesh.n.01	0.92
112386804	pulp.n.02	0.558
112386825	flesh.n.01	0.904
112388040	flesh.n.01	0.994
112389151	flesh.n.01	0.819
112391791	flesh.n.01	0.661
112392044	meat.n.01	0.992
112393915	flesh.n.01	0.949
112393931	flesh.n.01	0.924
112393945	flesh.n.01	0.97
112393999	flesh.n.01	0.762
112395496	flesh.n.01	0.656
112396168	flesh.n.01	0.79
112396234	flesh.n.01	0.684
104024359	human_body.n.01	0.563
104024377	flesh.n.01	0.89
104024846	flesh.n.01	0.951
112420504	flesh.n.01	0.81
112428188	flesh.n.01	0.947
112435860	flesh.n.01	0.949
112435863	flesh.n.01	0.889
112435948	flesh.n.01	0.967
104048592	flesh.n.01	0.793
104049901	flesh.n.01	0.948
120830347	human_body.n.01	0.742
120830353	human_body.n.01	0.85
120830363	human_body.n.01	0.658
120830691	body.n.01	0.928
120830808	human_body.n.01	0.935
120831040	body.n.01	0.887
120833553	human_body.n.01	0.943
104056561	human_body.n.01	0.626
104057369	flesh.n.01	0.966
104057536	flesh.n.01	0.822
104057713	flesh.n.01	0.826
104058602	flesh.n.01	0.583
104058676	flesh.n.01	0.778
120837607	human_body.n.01	0.949
104062735	flesh.n.01	0.826
104062749	flesh.n.01	0.697
104062788	flesh.n.01	0.902
104062835	flesh.n.01	0.569
104062874	human_body.n.01	0.728
104062895	flesh.n.01	0.569
112451527	flesh.n.01	0.893
120843517	human_body.n.01	0.821
120843525	human_body.n.01	0.805
120843585	human_body.n.01	0.845
120843614	human_body.n.01	0.767
120843638	human_body.n.01	0.814
120843680	human_body.n.01	0.882
120843701	human_body.n.01	0.934
120843712	human_body.n.01	0.855
120843727	human_body.n.01	0.971
120843741	human_body.n.01	0.778
120843771	human_body.n.01	0.882
120843801	human_body.n.01	0.897
120849055	human_body.n.01	0.891
104076923	flesh.n.01	0.613
104081665	flesh.n.01	0.665
104087000	flesh.n.01	0.919
104087332	pulp.n.02	0.573
120874235	human_body.n.01	0.944
120874931	human_body.n.01	0.882
120875320	human_body.n.01	0.867
120875700	human_body.n.01	0.92
120875913	human_body.n.01	0.877
120876488	human_body.n.01	0.935
120876696	human_body.n.01	0.886
120877302	human_body.n.01	0.679
120877575	human_body.n.01	0.756
120877859	human_body.n.01	0.911
120878028	human_body.n.01	0.977
120878731	flesh.n.01	0.541
120878813	human_body.n.01	0.869
120878920	human_body.n.01	0.911
120879334	cup.n.03	0.547
120879425	human_body.n.01	0.674
120879622	human_body.n.01	0.722
120879693	homo.n.02	None
120879712	human_body.n.01	0.887
120880175	human_body.n.01	0.839
120880275	human_body.n.01	0.88
120880300	human_body.n.01	0.909
120880337	human_body.n.01	0.839
120880437	human_body.n.01	0.957
120880477	human_body.n.01	0.867
120880876	flesh.n.01	0.639
120881447	human_body.n.01	0.658
120882006	human_body.n.01	0.781
120882039	human_body.n.01	0.882
104105487	flesh.n.01	0.943
104119025	flesh.n.01	0.715
104120463	flesh.n.01	0.651
104136326	flesh.n.01	0.927
104140811	flesh.n.01	0.968
104141908	flesh.n.01	0.541
104143115	flesh.n.01	0.951
104144335	flesh.n.01	0.806
104144453	flesh.n.01	0.811
104144599	human_body.n.01	0.809
104144626	flesh.n.01	0.819
104144659	flesh.n.01	0.757
104144758	hair.n.01	0.902
104144879	flesh.n.01	0.666
104149189	flesh.n.01	0.965
104153894	flesh.n.01	0.993
104154093	flesh.n.01	0.992
120942743	flesh.n.01	0.609
120942785	human_body.n.01	0.834
120944539	flesh.n.01	0.562
104171196	flesh.n.01	0.818
104172482	flesh.n.01	0.92
104174889	flesh.n.01	0.871
104183562	flesh.n.01	0.979
104183580	flesh.n.01	0.987
104183602	flesh.n.01	0.987
104186059	flesh.n.01	0.757
104186108	flesh.n.01	0.838
104186122	flesh.n.01	0.978
104187685	flesh.n.01	0.991
104188193	flesh.n.01	0.974
104188285	flesh.n.01	0.986
104188917	flesh.n.01	0.931
104190227	flesh.n.01	0.958
104192018	pulp.n.02	0.841
104193941	flesh.n.01	0.91
104194334	flesh.n.01	0.981
104194969	flesh.n.01	0.872
104209971	bone.n.01	0.949
104210117	flesh.n.01	0.967
104210137	flesh.n.01	0.937
104210187	flesh.n.01	0.952
104210191	flesh.n.01	0.905
104210219	pulp.n.02	0.477
104210267	flesh.n.01	0.919
104210309	flesh.n.01	0.894
104210323	flesh.n.01	0.642
104210343	flesh.n.01	0.861
120991648	flesh.n.01	0.959
104214846	flesh.n.01	0.966
104214872	flesh.n.01	0.963
104215324	flesh.n.01	0.785
104223048	flesh.n.01	0.881
121031919	human_body.n.01	0.928
121032016	human_body.n.01	0.809
121037022	human_body.n.01	0.917
104294503	flesh.n.01	0.964
121075480	human_body.n.01	0.854
121079221	human_body.n.01	0.841
121137019	flesh.n.01	0.588
121137496	human_body.n.01	0.936
121138855	flesh.n.01	0.611
121138890	human_body.n.01	0.654
121145977	flesh.n.01	0.879
121146017	flesh.n.01	0.929
121146020	human_body.n.01	0.71
121146056	human_body.n.01	0.921
121148396	human_body.n.01	0.719
121148399	human_body.n.01	0.953
121148431	human_body.n.01	0.94
121152347	human_body.n.01	0.632
121153250	flesh.n.01	0.597
121155884	flesh.n.01	0.595
104458531	flesh.n.01	0.812
104459109	flesh.n.01	0.908
121256439	human_body.n.01	0.748
104517520	flesh.n.01	0.893
104517529	flesh.n.01	0.815
104518546	pulp.n.02	0.863
121351208	flesh.n.01	0.51
121351432	human_body.n.01	0.491
121351661	human_body.n.01	0.827
121351783	human_body.n.01	0.666
121351788	human_body.n.01	0.805
121351796	human_body.n.01	0.573
121374359	flesh.n.01	0.822
121377974	human_body.n.01	0.846
104601260	flesh.n.01	0.874
104601291	flesh.n.01	0.912
104601298	flesh.n.01	0.867
121390696	human_body.n.01	0.896
121391504	human_body.n.01	0.932
121399134	human_body.n.01	0.815
121399755	human_body.n.01	0.867
121399828	human_body.n.01	0.9
121421906	human_body.n.01	0.914
121422960	human_body.n.01	0.908
104646564	flesh.n.01	0.953
104646644	flesh.n.01	0.803
104647188	flesh.n.01	0.475
104647194	pulp.n.02	0.763
104647208	flesh.n.01	0.936
104647332	flesh.n.01	0.904
104647361	flesh.n.01	0.735
121425455	human_body.n.01	0.731
121425511	human_body.n.01	0.781
104649751	pulp.n.02	0.602
121427472	human_body.n.01	0.893
121427519	human_body.n.01	0.961
121427553	human_body.n.01	0.894
121427562	human_body.n.01	0.868
104653152	pulp.n.02	0.758
104653250	pulp.n.02	0.907
104653255	pulp.n.02	0.884
104653276	flesh.n.01	0.927
104653283	flesh.n.01	0.958
104653301	pulp.n.02	0.697
104653341	flesh.n.01	0.486
104653402	pulp.n.02	0.952
104653538	pulp.n.02	0.915
121435649	body.n.01	0.978
121440084	human_body.n.01	0.923
104666223	pulp.n.02	0.962
121447477	flesh.n.01	0.808
121450014	human_body.n.01	0.732
121451659	human_body.n.01	0.96
104675888	pulp.n.02	0.976
104685098	flesh.n.01	0.725
104688074	human_body.n.01	0.761
104688104	flesh.n.01	0.632
104689556	pulp.n.02	0.689
121470533	human_body.n.01	0.516
121470701	human_body.n.01	0.861
121471656	human_body.n.01	0.951
121471746	body.n.01	0.953
121472149	human_body.n.01	0.872
104697856	pulp.n.02	0.874
121485637	human_body.n.01	0.875
121485642	human_body.n.01	0.838
121487061	human_body.n.01	0.966
121488694	human_body.n.01	0.867
121490477	human_body.n.01	0.879
121494425	flesh.n.01	0.837
121494866	human_body.n.01	0.683
121494996	human_body.n.01	0.731
121496231	human_body.n.01	0.887
121496893	human_body.n.01	0.877
121497922	flesh.n.01	0.74
121500886	human_body.n.01	0.927
121504400	human_body.n.01	0.906
121507372	human_body.n.01	0.864
121507377	human_body.n.01	0.762
121507383	human_body.n.01	0.762
121507418	human_body.n.01	0.947
121507426	human_body.n.01	0.959
121507437	human_body.n.01	0.805
121507454	human_body.n.01	0.872
121507465	human_body.n.01	0.828
121507476	human_body.n.01	0.888
121507486	human_body.n.01	0.818
121507496	human_body.n.01	0.866
121508327	human_body.n.01	0.838
121511974	flesh.n.01	0.609
121513087	human_body.n.01	0.848
121513108	body.n.01	0.973
121515815	flesh.n.01	0.99
121515830	flesh.n.01	0.989
121518678	human_body.n.01	0.909
121518750	human_body.n.01	0.872
121522940	human_body.n.01	0.771
121522966	body.n.01	0.965
121523464	human_body.n.01	0.72
121523633	human_body.n.01	0.905
121523697	human_body.n.01	0.89
121523707	human_body.n.01	0.93
121523728	human_body.n.01	0.911
121523870	human_body.n.01	0.885
121523909	body.n.01	0.965
121525019	human_body.n.01	0.795
121525059	human_body.n.01	0.828
121526090	human_body.n.01	0.789
121526110	human_body.n.01	0.847
121526535	human_body.n.01	0.942
121526540	human_body.n.01	0.869
121528341	human_body.n.01	0.784
121539513	human_body.n.01	0.671
121539547	human_body.n.01	0.354
121539802	human_body.n.01	0.862
121539869	human_body.n.01	0.685
121539880	human_body.n.01	0.78
121539904	human_body.n.01	0.807
121539914	body.n.01	0.93
121543154	human_body.n.01	0.841
104864404	flesh.n.01	0.8
104865281	flesh.n.01	0.685
104874482	flesh.n.01	0.81
104874521	flesh.n.01	0.913
104874524	human_body.n.01	0.739
104874562	human_body.n.01	0.916
104876467	human_body.n.01	0.933
104876679	human_body.n.01	0.821
104876803	human_body.n.01	0.751
104876874	flesh.n.01	0.947
104877340	flesh.n.01	0.864
104877356	human_body.n.01	0.963
104877464	flesh.n.01	0.741
104878125	human_body.n.01	0.898
104878385	human_body.n.01	0.82
104878503	human_body.n.01	0.762
104878517	human_body.n.01	0.776
104878545	human_body.n.01	0.701
104878575	human_body.n.01	0.801
104882596	flesh.n.01	0.915
104882666	human_body.n.01	0.865
104882680	flesh.n.01	0.887
104882957	flesh.n.01	0.849
104882975	flesh.n.01	0.86
104892721	human_body.n.01	0.744
104897591	flesh.n.01	0.859
104899994	human_body.n.01	0.937
104902116	flesh.n.01	0.502
104902231	flesh.n.01	0.991
104932212	human_body.n.01	0.799
104940335	flesh.n.01	0.924
104946565	flesh.n.01	0.874
104947042	flesh.n.01	0.91
104947212	flesh.n.01	0.704
104947365	flesh.n.01	0.877
104947830	human_body.n.01	0.646
104947846	human_body.n.01	0.762
104947859	human_body.n.01	0.805
104947955	human_body.n.01	0.71
104952200	human_body.n.01	0.861
104952305	human_body.n.01	0.916
104952313	human_body.n.01	0.822
104954610	human_body.n.01	0.697
104959269	flesh.n.01	0.78
104959275	flesh.n.01	0.754
104970728	human_body.n.01	0.648
104973959	human_body.n.01	0.942
104975367	human_body.n.01	0.899
104982288	human_body.n.01	0.743
104993994	human_body.n.01	0.8
113393769	flesh.n.01	0.689
105010025	flesh.n.01	0.876
105054091	body.n.01	0.985
105054109	body.n.01	0.98
105054126	body.n.01	0.98
105054522	body.n.01	0.958
105054588	body.n.01	0.933
105054606	body.n.01	0.957
105055902	human_body.n.01	0.879
113459535	tissue.n.01	0.994
121941329	human_body.n.01	0.874
121941380	human_body.n.01	0.961
121941387	human_body.n.01	0.961
121943435	human_body.n.01	0.51
121944014	human_body.n.01	0.735
121944228	human_body.n.01	0.669
121944602	human_body.n.01	0.873
121946762	human_body.n.01	0.9
121946780	human_body.n.01	0.878
121946814	human_body.n.01	0.847
121947249	human_body.n.01	0.81
121950273	human_body.n.01	0.843
121950281	human_body.n.01	0.77
121950473	human_body.n.01	0.86
121953905	human_body.n.01	0.623
121959999	human_body.n.01	0.737
121961866	human_body.n.01	0.932
121962038	human_body.n.01	0.877
121963609	flesh.n.01	0.889
121969786	human_body.n.01	0.864
121969834	human_body.n.01	0.849
121969868	human_body.n.01	0.865
121969876	human_body.n.01	0.777
121972735	human_body.n.01	0.792
121972791	human_body.n.01	0.686
121983868	human_body.n.01	0.941
113604565	skull.n.01	None
113609855	skull.n.01	None
122008945	human_body.n.01	0.785
122010265	human_body.n.01	0.881
113635206	flesh.n.01	0.761
105742007	human_body.n.01	0.641
105767018	flesh.n.01	0.839
122701456	flesh.n.01	0.861
122702001	flesh.n.01	0.906
122713428	human_body.n.01	0.846
122735597	human_body.n.01	0.808
122735615	human_body.n.01	0.707
122735632	human_body.n.01	0.572
122736040	human_body.n.01	0.701
122736106	human_body.n.01	0.89
122736125	human_body.n.01	0.735
122775859	flesh.n.01	0.84
122775992	flesh.n.01	0.858
106130818	flesh.n.01	0.897
106130872	human_body.n.01	0.842
106135099	flesh.n.01	0.899
106136174	human_body.n.01	0.528
106136195	flesh.n.01	0.858
106136212	flesh.n.01	0.786
106136360	flesh.n.01	0.917
106136363	human_body.n.01	0.711
106136458	human_body.n.01	0.557
106136462	human_body.n.01	0.887
106137007	human_body.n.01	0.909
106137054	human_body.n.01	0.742
106137100	human_body.n.01	0.77
106137122	flesh.n.01	0.542
106153202	human_body.n.01	0.539
106153532	human_body.n.01	0.666
106157211	human_body.n.01	0.63
106186761	human_body.n.01	0.828
106187014	human_body.n.01	0.863
106187024	human_body.n.01	0.728
106197938	human_body.n.01	0.799
106207442	human_body.n.01	0.987
106207919	human_body.n.01	0.821
106207923	human_body.n.01	0.818
106207936	human_body.n.01	0.973
106208041	human_body.n.01	0.543
106208093	human_body.n.01	0.912
106208109	human_body.n.01	0.73
106208112	human_body.n.01	0.6
106208211	human_body.n.01	0.891
106208256	human_body.n.01	0.68
106208586	human_body.n.01	0.83
106208600	human_body.n.01	0.779
106208866	human_body.n.01	0.835
106209970	human_body.n.01	0.879
106209979	human_body.n.01	0.92
106210211	flesh.n.01	0.615
106213378	human_body.n.01	0.842
106218139	human_body.n.01	0.821
106218168	human_body.n.01	0.911
106218180	human_body.n.01	0.585
106218194	human_body.n.01	0.853
106218216	human_body.n.01	0.914
106218238	human_body.n.01	0.859
106218292	human_body.n.01	0.685
106218302	flesh.n.01	0.521
106221816	human_body.n.01	0.74
106222905	human_body.n.01	0.781
106225892	human_body.n.01	0.625
106244413	human_body.n.01	0.908
106245668	flesh.n.01	0.742
106270851	human_body.n.01	0.786
106271741	human_body.n.01	0.781
106287453	human_body.n.01	0.637
106288151	human_body.n.01	0.682
106298317	flesh.n.01	0.698
106299980	human_body.n.01	0.805
123094099	flesh.n.01	0.707
106327852	human_body.n.01	0.892
106335868	human_body.n.01	0.571
106359371	flesh.n.01	0.525
106366717	flesh.n.01	0.97
106366749	flesh.n.01	0.948
106367578	human_body.n.01	0.718
123148222	flesh.n.01	0.66
123148961	flesh.n.01	0.69
123149971	human_body.n.01	0.613
106380264	human_body.n.01	0.688
106380267	human_body.n.01	0.732
123165851	flesh.n.01	0.659
106390561	flesh.n.01	0.591
106391520	human_body.n.01	0.507
106403934	human_body.n.01	0.748
106406968	human_body.n.01	0.54
106408407	flesh.n.01	0.874
123191755	human_body.n.01	0.776
106456192	human_body.n.01	0.638
123258759	flesh.n.01	0.653
123258766	flesh.n.01	0.871
123265971	flesh.n.01	0.569
106490751	flesh.n.01	0.514
106502265	flesh.n.01	0.589
106503111	human_body.n.01	0.581
106503549	flesh.n.01	0.566
123284055	human_body.n.01	0.666
106513592	human_body.n.01	0.833
106518318	flesh.n.01	0.692
106532061	flesh.n.01	0.805
106535707	human_body.n.01	0.714
106535778	flesh.n.01	0.679
106539940	human_body.n.01	0.652
106562943	flesh.n.01	0.846
106593853	flesh.n.01	0.77
114983092	flesh.n.01	0.511
123539184	human_body.n.01	0.505
123541754	flesh.n.01	0.725
123541930	flesh.n.01	0.728
123544431	flesh.n.01	0.891
123544454	flesh.n.01	0.768
123545043	flesh.n.01	0.976
123550096	human_body.n.01	0.631
123550478	human_body.n.01	0.695
123550546	human_body.n.01	0.764
123551130	human_body.n.01	0.698
123559915	flesh.n.01	0.835
123560577	flesh.n.01	0.623
123560743	animal.n.01	None
123561420	flesh.n.01	0.977
123561958	flesh.n.01	0.528
123562162	flesh.n.01	0.545
123564987	human_body.n.01	0.711
123567974	fruit.n.01	0.995
123568453	flesh.n.01	0.984
123571002	flesh.n.01	0.519
123577298	human_body.n.01	0.787
123577668	flesh.n.01	0.907
123577770	flesh.n.01	0.77
123579972	human_body.n.01	0.58
123580068	flesh.n.01	0.724
123580242	human_body.n.01	0.915
123580334	human_body.n.01	0.691
123588278	human_body.n.01	0.749
123591012	human_body.n.01	0.888
123591125	human_body.n.01	0.684
123591130	human_body.n.01	0.758
115262266	uterus.n.01	None
106912204	skin.n.01	0.87
106928519	flesh.n.01	0.932
115401275	flesh.n.01	0.692
123889075	body.n.01	0.978
123903235	body.n.01	0.953
115545353	human_body.n.01	0.97
115546287	human_body.n.01	0.787
123961126	human_body.n.01	0.548
123969862	bone.n.01	0.969
123979582	flesh.n.01	0.578
123982920	flesh.n.01	0.532
107309245	flesh.n.01	0.663
107309294	flesh.n.01	0.845
107365472	flesh.n.01	0.666
115770384	flesh.n.01	0.87
115783809	flesh.n.01	0.939
115788598	flesh.n.01	0.903
107468964	corpulence.n.01	None
115883640	human_body.n.01	0.672
115887151	human_body.n.01	0.589
115991998	flesh.n.01	0.933
107712982	flesh.n.01	0.991
107717989	flesh.n.01	0.992
107723318	flesh.n.01	0.585
116122205	body.n.01	0.913
107734250	flesh.n.01	0.995
107792495	flesh.n.01	0.978
107795205	flesh.n.01	0.987
107797356	flesh.n.01	0.573
107818327	flesh.n.01	0.942
107818491	flesh.n.01	0.968
107819576	flesh.n.01	0.95
107820249	flesh.n.01	0.968
116213645	human_body.n.01	0.713
116240800	flesh.n.01	0.575
107872613	human_body.n.01	0.669
107899597	flesh.n.01	0.632
116288314	body.n.01	0.972
107913504	human_body.n.01	0.904
124691882	human_body.n.01	0.606
124692211	human_body.n.01	0.867
107925589	human_body.n.01	0.58
107925614	human_body.n.01	0.608
116322869	human_body.n.01	0.963
116322872	human_body.n.01	0.798
124718589	flesh.n.01	0.828
116332209	flesh.n.01	0.77
116332943	body.n.01	0.98
116333039	human_body.n.01	0.712
116334079	flesh.n.01	0.789
116334473	flesh.n.01	0.686
116336594	human_body.n.01	0.516
116336621	flesh.n.01	0.83
116336695	flesh.n.01	0.745
116336698	flesh.n.01	0.745
107958207	flesh.n.01	0.569
107958804	human_body.n.01	0.744
107958923	human_body.n.01	0.624
107958926	flesh.n.01	0.528
107960168	human_body.n.01	0.869
107963009	carcase.n.01	None
107983232	human_body.n.01	0.883
108035725	human_body.n.01	0.918
108041326	body.n.01	0.967
108043960	flesh.n.01	0.893
108045070	human_body.n.01	0.717
108068205	human_body.n.01	0.685
108087599	flesh.n.01	0.708
108102324	human_body.n.01	0.655
108105519	human_body.n.01	0.65
108105969	human_body.n.01	0.787
108109119	human_body.n.01	0.781
108109193	human_body.n.01	0.823
108114132	human_body.n.01	0.86
108115720	human_body.n.01	0.674
108116093	human_body.n.01	0.867
108119289	human_body.n.01	0.844
108120868	human_body.n.01	0.539
108121058	human_body.n.01	0.763
108121606	flesh.n.01	0.778
108122821	human_body.n.01	0.728
108127310	flesh.n.01	0.569
108130984	human_body.n.01	0.531
124910406	flesh.n.01	0.973
124910826	flesh.n.01	0.96
124911132	flesh.n.01	0.821
124911438	flesh.n.01	0.94
108134328	human_body.n.01	0.949
124911552	flesh.n.01	0.971
124914454	flesh.n.01	0.789
108137366	human_body.n.01	0.906
124916154	flesh.n.01	0.901
124916158	flesh.n.01	0.944
124916514	flesh.n.01	0.967
124916525	flesh.n.01	0.955
124916672	flesh.n.01	0.975
124916813	flesh.n.01	0.803
124917082	flesh.n.01	0.863
124917425	flesh.n.01	0.973
124917753	bone.n.01	0.933
124918700	flesh.n.01	0.816
124919159	flesh.n.01	0.971
124921087	flesh.n.01	0.942
108146721	human_body.n.01	0.726
108147199	human_body.n.01	0.889
108147456	flesh.n.01	0.637
108157027	human_body.n.01	0.912
108159263	human_body.n.01	0.767
116549005	human_body.n.01	0.727
108160543	human_body.n.01	0.721
108160931	human_body.n.01	0.869
108163718	human_body.n.01	0.813
108164025	human_body.n.01	0.939
108167322	human_body.n.01	0.625
108168199	flesh.n.01	0.622
108168910	human_body.n.01	0.632
108171371	human_body.n.01	0.664
108171925	human_body.n.01	0.953
108172687	human_body.n.01	0.929
108173511	human_body.n.01	0.971
108173549	human_body.n.01	0.953
108174147	human_body.n.01	0.664
108178483	human_body.n.01	0.733
108178568	human_body.n.01	0.554
108178892	human_body.n.01	0.746
108181753	flesh.n.01	0.502
108184715	human_body.n.01	0.569
108186731	human_body.n.01	0.611
108190421	flesh.n.01	0.869
108190819	human_body.n.01	0.649
108195774	human_body.n.01	0.804
108196179	human_body.n.01	0.806
108196210	flesh.n.01	0.571
108197145	human_body.n.01	0.775
108197685	human_body.n.01	0.945
116588343	flesh.n.01	0.63
116588385	flesh.n.01	0.739
116589529	flesh.n.01	0.698
108201071	human_body.n.01	0.959
108202031	human_body.n.01	0.888
108203186	human_body.n.01	0.933
108206986	human_body.n.01	0.976
108207384	human_body.n.01	0.92
108209258	human_body.n.01	0.903
108209391	human_body.n.01	0.949
108221114	human_body.n.01	0.798
108227190	flesh.n.01	0.688
108227201	human_body.n.01	0.62
108227220	flesh.n.01	0.645
108230327	human_body.n.01	0.927
108235532	human_body.n.01	0.708
108238461	human_body.n.01	0.91
108241636	flesh.n.01	0.584
108242924	tongue.n.01	0.951
108249547	flesh.n.01	0.948
108249984	body.n.01	0.888
108259052	flesh.n.01	0.898
108263222	human_body.n.01	0.943
108263244	human_body.n.01	0.738
108269006	flesh.n.01	0.554
108269022	human_body.n.01	0.869
108276249	human_body.n.01	0.929
108276472	human_body.n.01	0.937
108276515	human_body.n.01	0.724
108282936	human_body.n.01	0.804
108284333	human_body.n.01	0.937
108286961	arm.n.01	0.989
108288397	flesh.n.01	0.563
108288403	flesh.n.01	0.666
108288411	human_body.n.01	0.594
108297349	human_body.n.01	0.939
108301627	human_body.n.01	0.956
108308933	human_body.n.01	0.948
108310362	flesh.n.01	0.763
108310367	flesh.n.01	0.751
108314168	human_body.n.01	0.576
108322534	human_body.n.01	0.795
108329745	human_body.n.01	0.77
108329861	human_body.n.01	0.953
108329870	human_body.n.01	0.935
108329940	human_body.n.01	0.526
108331731	flesh.n.01	0.657
108337418	human_body.n.01	0.506
108340773	human_body.n.01	0.78
108341190	flesh.n.01	0.931
108341248	flesh.n.01	0.961
108346878	human_body.n.01	0.693
108346934	human_body.n.01	0.724
108358125	human_body.n.01	0.945
108360395	flesh.n.01	0.944
108365294	flesh.n.01	0.519
108365774	human_body.n.01	0.87
108369399	flesh.n.01	0.757
108372300	flesh.n.01	0.713
108377938	human_body.n.01	0.809
116770160	flesh.n.01	0.516
116777735	flesh.n.01	0.987
116782230	flesh.n.01	0.828
116795507	flesh.n.01	0.89
116800390	flesh.n.01	0.918
116800918	flesh.n.01	0.969
116804069	flesh.n.01	0.938
116804447	flesh.n.01	0.916
116813943	flesh.n.01	0.951
116815533	flesh.n.01	0.994
116817753	body.n.01	0.961
116818078	skin.n.01	0.979
100043408	human_body.n.01	0.58
116826018	flesh.n.01	0.977
116827333	flesh.n.01	0.952
116829515	flesh.n.01	0.856
116832948	flesh.n.01	0.979
116833365	flesh.n.01	0.977
116833558	flesh.n.01	0.901
116840537	flesh.n.01	0.83
116850857	flesh.n.01	0.927
116857763	flesh.n.01	0.981
116861079	flesh.n.01	0.994
116861226	flesh.n.01	0.945
116861277	flesh.n.01	0.624
116867272	flesh.n.01	0.793
116871522	flesh.n.01	0.994
116872381	pulp.n.02	0.531
116873254	flesh.n.01	0.985
108506957	human_body.n.01	0.955
108507754	flesh.n.01	0.683
108509721	human_body.n.01	0.929
108509960	human_body.n.01	0.817
108510055	flesh.n.01	0.539
108510202	human_body.n.01	0.637
108510442	human_body.n.01	0.939
108512060	person.n.01	None
116902810	flesh.n.01	0.948
116903016	human_body.n.01	0.555
116918523	diet.n.01	0.705
116944318	human_body.n.01	0.669
100170605	flesh.n.01	0.963
100179760	flesh.n.01	0.819
116960697	human_body.n.01	0.828
116964049	flesh.n.01	0.643
108585390	flesh.n.01	0.786
116993123	fatness.n.01	None
108622852	flesh.n.01	0.951
100246953	flesh.n.01	0.937
100260701	flesh.n.01	0.666
100261472	thigh.n.01	0.99
108667244	flesh.n.01	0.866
108668859	human_body.n.01	0.612
117087397	flesh.n.01	0.502
108751882	corpulence.n.01	None
108777871	human_body.n.01	0.52
100480103	flesh.n.01	0.534
100480363	flesh.n.01	0.96
108876780	human_body.n.01	0.529
100498944	human_body.n.01	0.742
100499019	flesh.n.01	0.834
100499135	flesh.n.01	0.656
108895942	flesh.n.01	0.854
108902940	skin.n.01	0.952
100515237	bone.n.01	0.967
100516596	flesh.n.01	0.735
100517313	human_body.n.01	0.828
100534287	flesh.n.01	0.762
117319424	human_body.n.01	0.764
100552943	human_body.n.01	0.519
100568347	flesh.n.01	0.803
100570662	human_body.n.01	0.928
100576957	body.n.01	0.956
117356630	human_body.n.01	0.635
100579993	flesh.n.01	0.96
117362365	human_body.n.01	0.757
108982078	flesh.n.01	0.664
117370805	human_body.n.01	0.883
100596361	human_body.n.01	0.525
117376509	flesh.n.01	0.475
117379334	human_body.n.01	0.533
108992853	flesh.n.01	0.642
100614793	human_body.n.01	0.746
100616622	human_body.n.01	0.582
100635172	human_body.n.01	0.843
100637766	flesh.n.01	0.703
100637815	human_body.n.01	0.583
