100666052	friendship.n.01	None
109057599	friendship.n.01	None
109060293	friendship.n.01	None
100671913	affection.n.01	None
100672004	friendship.n.01	None
109061200	friendship.n.01	None
109061305	friendship.n.01	None
109061471	friendship.n.01	None
100674063	affection.n.01	None
100674689	friendship.n.01	None
100674844	friendship.n.01	None
100674904	friendship.n.01	None
109063892	friendship.n.01	None
100676936	friendship.n.01	None
109066026	friend.n.01	0.832
109068575	friend.n.01	0.923
109070717	friendship.n.01	None
109075728	friendship.n.01	None
109077706	friendship.n.01	None
100689435	friendship.n.01	None
109080471	friendship.n.01	None
100696450	friendship.n.01	None
100700240	friendship.n.01	None
100700659	friendship.n.01	None
100701220	friendship.n.01	None
117479472	friendship.n.01	None
100709423	friendship.n.01	None
117487794	friendship.n.01	None
117487812	alliance.n.01	0.64
117489679	friendship.n.01	None
100713564	friendship.n.01	None
100715801	friendship.n.01	None
117495549	friendship.n.01	None
117499826	friendship.n.01	None
117499869	friendship.n.01	None
117499929	friendship.n.01	None
109115768	friendship.n.01	None
109116047	friendship.n.01	None
109116241	friendship.n.01	None
109116327	friendship.n.01	None
109116353	friendship.n.01	None
109116424	friendship.n.01	None
109116504	friendship.n.01	None
109116716	friend.n.01	0.991
109116762	friendship.n.01	None
109116883	friendship.n.01	None
109116906	friendship.n.01	None
109116933	friendship.n.01	None
109116972	friendship.n.01	None
109117069	friendship.n.01	None
109117193	friendship.n.01	None
109117405	friendship.n.01	None
100730538	friendship.n.01	None
109119230	friendship.n.01	None
109121168	friendship.n.01	None
109122923	friendship.n.01	None
109124259	friendship.n.01	None
109124335	friendship.n.01	None
109124973	friendship.n.01	None
109125852	friendship.n.01	None
109125881	friendship.n.01	None
109129104	friendship.n.01	None
100742188	friendship.n.01	None
100742231	friendship.n.01	None
100743564	friendship.n.01	None
109134992	friendship.n.01	None
109135451	friendship.n.01	None
109136548	friendship.n.01	None
109137341	friendship.n.01	None
117526766	friendship.n.01	None
109138519	friendship.n.01	None
109138594	friendship.n.01	None
109138640	friendship.n.01	None
109138667	friendship.n.01	None
109138691	friendship.n.01	None
109138713	friendship.n.01	None
109138906	friendship.n.01	None
109139034	friendship.n.01	None
109139145	friendship.n.01	None
109139223	friendship.n.01	None
109139261	friendship.n.01	None
109139349	friendship.n.01	None
109139404	friendship.n.01	None
109139717	friendship.n.01	None
109139749	friendship.n.01	None
109139816	friendship.n.01	None
109139874	friendship.n.01	None
109140114	friendship.n.01	None
109140161	friendship.n.01	None
109140305	friendship.n.01	None
109140421	friendship.n.01	None
100752447	love.n.01	0.925
100755496	friendship.n.01	None
100756075	friendship.n.01	None
100756167	friendship.n.01	None
117534190	favor.n.03	0.55
100758414	friendship.n.01	None
117539578	friendship.n.01	None
100769018	friendship.n.01	None
100772164	friendship.n.01	None
100772244	friendship.n.01	None
100776210	friendship.n.01	None
109166531	friendliness.n.01	0.762
109167089	friendship.n.01	None
109167204	friendship.n.01	None
109168729	friendship.n.01	None
109171489	friendship.n.01	None
109171534	friendship.n.01	None
100787878	friendship.n.01	None
100790333	friendship.n.01	None
117570370	friendship.n.01	None
109183276	friendship.n.01	None
109196056	friendship.n.01	None
117590079	affection.n.01	None
109201914	friendship.n.01	None
109207002	friendship.n.01	None
117597721	friendship.n.01	None
109231417	friendship.n.01	None
117622917	friendship.n.01	None
109248681	friendship.n.01	None
109271399	love.n.01	0.935
109271500	friendship.n.01	None
109285259	friendliness.n.02	0.686
117692259	friendship.n.01	None
109313681	friendliness.n.02	0.751
117709686	friendship.n.01	None
117709870	friendship.n.01	None
117710292	friendship.n.01	None
117710521	friendship.n.01	None
117710639	friendship.n.01	None
109329477	friendship.n.01	None
109334136	friendship.n.01	None
109334411	friendship.n.01	None
117729440	friendship.n.01	None
109343064	friendship.n.01	None
109343134	friendship.n.01	None
100955101	alliance.n.01	0.697
109344166	friendship.n.01	None
109344423	friendship.n.01	None
109344628	love.n.01	0.974
109345290	friendship.n.01	None
109345378	friendship.n.01	None
109345793	friendship.n.01	None
109348756	friendship.n.01	None
109349055	friendship.n.01	None
109349113	friendship.n.01	None
109351687	affection.n.01	None
109353944	friendship.n.01	None
117750089	love.n.01	0.895
100984805	friendship.n.01	None
109397175	friendship.n.01	None
109397553	tranquillity.n.02	0.823
101041551	friendship.n.01	None
101044640	friendship.n.01	None
101044684	friendship.n.01	None
101090917	affection.n.01	None
101091658	affection.n.01	None
101092654	affection.n.01	None
101092872	friendship.n.01	None
101092924	friendship.n.01	None
101094055	friendship.n.01	None
101113798	friendship.n.01	None
101113824	affection.n.01	None
101114758	affection.n.01	None
101179102	friendship.n.01	None
117974256	friendship.n.01	None
101204242	friendship.n.01	None
118004557	friendship.n.01	None
101241838	friendship.n.01	None
101259666	agreement.n.03	0.434
101259707	agreement.n.01	0.875
109654275	confidence.n.04	0.52
101293735	friend.n.01	0.959
109700620	friendship.n.01	None
101331312	friendship.n.01	None
101334267	friendship.n.01	None
101337370	friendship.n.01	None
101340873	friendship.n.01	None
101341228	friendship.n.01	None
101341243	friendship.n.01	None
101343662	friendship.n.01	None
101343690	friendship.n.01	None
101348674	friendship.n.01	None
101355328	friendship.n.01	None
109760099	friendship.n.01	None
109760615	friendship.n.01	None
101372235	friendship.n.01	None
101373710	affection.n.01	None
101374316	friendship.n.01	None
109764417	affection.n.01	None
101375846	friendship.n.01	None
101376428	friendship.n.01	None
101376563	friendship.n.01	None
109777460	love.n.01	0.752
109792653	friendship.n.01	None
109792670	friend.n.01	0.986
101430175	friendliness.n.02	0.581
101432561	friendship.n.01	None
101432680	affection.n.01	None
101432737	affection.n.01	None
101432788	affection.n.01	None
101432932	affection.n.01	None
101433021	friendship.n.01	None
101433341	friendship.n.01	None
101433477	friendship.n.01	None
101439355	friendship.n.01	None
101439404	friendship.n.01	None
101442721	friendship.n.01	None
101448046	friend.n.01	0.733
101452511	friendship.n.01	None
101453246	friendship.n.01	None
101454453	friendship.n.01	None
101454950	friendship.n.01	None
101455137	friendship.n.01	None
101457777	friendship.n.01	None
101476985	friendship.n.01	None
109868076	friendship.n.01	None
109881745	friendship.n.01	None
101493553	friendship.n.01	None
101496267	favor.n.04	0.783
101499924	affection.n.01	None
109903995	friendship.n.01	None
118296930	friendship.n.01	None
118298967	friend.n.01	0.952
109911843	friendship.n.01	None
109914855	alliance.n.01	0.487
101527564	friendship.n.01	None
118305753	friendship.n.01	None
101528553	affection.n.01	None
118310460	friendship.n.01	None
118312576	friendship.n.01	None
118312833	friendship.n.01	None
118313050	friendship.n.01	None
118313061	friendship.n.01	None
118313606	friendship.n.01	None
109930823	friendship.n.01	None
109930895	friendship.n.01	None
109930977	friendship.n.01	None
101542538	friendship.n.01	None
109935067	womanhood.n.01	0.801
109935084	love.n.04	0.475
118326538	friendship.n.01	None
118326613	friendship.n.01	None
118326699	affection.n.01	None
118326719	friendship.n.01	None
118326732	friendship.n.01	None
118326758	friendship.n.01	None
118326807	friendship.n.01	None
118327331	friendship.n.01	None
118327404	friendship.n.01	None
118327418	friendship.n.01	None
118327431	friendship.n.01	None
118327494	friendship.n.01	None
118327524	friendship.n.01	None
118328072	friend.n.01	0.944
118328183	friend.n.01	0.942
118328275	friendship.n.01	None
118330876	friendship.n.01	None
118335376	friendship.n.01	None
109948926	friendship.n.01	None
118340960	friendship.n.01	None
101566576	love.n.01	0.892
118347754	affection.n.01	None
101582418	affection.n.01	None
101591421	love.n.01	0.713
101591975	love.n.01	0.799
118370357	friendship.n.01	None
118370431	friendship.n.01	None
118372173	friendship.n.01	None
101595376	grace.n.04	0.912
101596360	friendship.n.01	None
101596376	friendship.n.01	None
101596440	friendship.n.01	None
101596470	friendship.n.01	None
101596496	affection.n.01	None
101596561	friendship.n.01	None
118378644	friendship.n.01	None
101601612	friendship.n.01	None
101602644	friendship.n.01	None
109991347	friendship.n.01	None
101602892	affection.n.01	None
101605124	friendship.n.01	None
101607164	cordial_reception.n.01	None
109996772	friendship.n.01	None
118388461	friendship.n.01	None
101613960	friend.n.01	0.48
118397051	friendship.n.01	None
118399701	friendship.n.01	None
110013766	friendship.n.01	None
110015770	friendship.n.01	None
110016043	friendship.n.01	None
110019739	friendship.n.01	None
110020851	grace.n.04	0.945
110022555	friendship.n.01	None
118411360	friend.n.01	0.986
118418794	friendship.n.01	None
110033249	friendship.n.01	None
118422215	friendship.n.01	None
110040567	alliance.n.01	0.821
118430075	affection.n.01	None
110045965	amity.n.02	0.834
110046746	friendship.n.01	None
118441874	friendship.n.01	None
118443684	friendship.n.01	None
118448458	friendship.n.01	None
118448891	friendship.n.01	None
110060918	friendship.n.01	None
118449856	friendship.n.01	None
118451098	friendship.n.01	None
118456873	friendship.n.01	None
118457020	friendship.n.01	None
118457252	friendship.n.01	None
118457768	friendship.n.01	None
118458013	friendship.n.01	None
118458465	friendship.n.01	None
118458489	friendship.n.01	None
118458528	friendship.n.01	None
118461176	friendship.n.01	None
118463373	friendship.n.01	None
118464015	friendship.n.01	None
118464247	friendship.n.01	None
118465122	friendship.n.01	None
118465219	friendship.n.01	None
118465587	friendship.n.01	None
118465615	friendship.n.01	None
118468690	friendship.n.01	None
110080139	friendship.n.01	None
118468744	friendship.n.01	None
118468947	friendship.n.01	None
110081064	friendship.n.01	None
118470190	friendship.n.01	None
118471839	friendship.n.01	None
118475033	familiarity.n.03	0.865
118475484	friendship.n.01	None
118475930	amity.n.02	0.843
118476220	friendship.n.01	None
118476879	friendship.n.01	None
118478791	friendship.n.01	None
118478949	affection.n.01	None
118483175	affection.n.01	None
118494362	friendship.n.01	None
118507176	friendship.n.01	None
118507459	affection.n.01	None
118507766	friendship.n.01	None
118509165	friendship.n.01	None
118509309	friendship.n.01	None
118509400	friendship.n.01	None
101778591	friendship.n.01	None
101805675	friendship.n.01	None
101807881	friendship.n.01	None
101808620	friendship.n.01	None
110229646	friendship.n.01	None
101850153	kindness.n.01	0.714
101851232	friendship.n.01	None
101851266	friendship.n.01	None
101851898	friendship.n.01	None
101852201	affection.n.01	None
101853510	love.n.01	0.459
101854988	affection.n.01	None
101856234	amity.n.02	0.899
118634227	favor.n.03	0.438
118637418	friendship.n.01	None
110249209	friendship.n.01	None
110250115	acquaintance.n.01	0.502
110250167	friendship.n.01	None
101862156	friendship.n.01	None
110250849	friendship.n.01	None
110250904	friendship.n.01	None
110253044	friendship.n.01	None
101869529	affection.n.01	None
101869654	friendship.n.01	None
101869673	friendship.n.01	None
101869833	friendship.n.01	None
101869903	friendship.n.01	None
101870062	friendship.n.01	None
101870080	love.n.04	0.766
101871636	lover.n.01	0.941
118648863	armistice.n.01	None
101872651	friendship.n.01	None
101873099	affectionateness.n.02	0.72
101878260	friendship.n.01	None
101878460	friendship.n.01	None
101878836	friendship.n.01	None
118666480	alliance.n.01	0.662
118667377	peace.n.02	0.493
118667612	friendship.n.01	None
118670185	grace.n.04	0.904
118670369	alliance.n.01	0.56
101895912	friendship.n.01	None
101895928	friendship.n.01	None
101896069	friendship.n.01	None
118673333	alliance.n.01	0.462
101896191	friendship.n.01	None
101896195	friendship.n.01	None
101896257	friendship.n.01	None
101896280	friendship.n.01	None
101896302	friendship.n.01	None
101896352	friendship.n.01	None
101896372	friendship.n.01	None
118682811	alliance.n.01	0.59
101925434	friendship.n.01	None
101935010	friendship.n.01	None
101938257	friendship.n.01	None
101938685	friendship.n.01	None
101938916	friendship.n.01	None
101939799	love.n.01	0.86
101940312	friendship.n.01	None
101940836	friendship.n.01	None
101941478	friendship.n.01	None
101941585	friendship.n.01	None
101941924	friendship.n.01	None
118723142	friendship.n.01	None
118723708	fear.n.03	0.782
102002925	friendship.n.01	None
102002950	friendship.n.01	None
102005055	friendship.n.01	None
102045702	friendship.n.01	None
102049068	friendship.n.01	None
102049079	friendship.n.01	None
102049092	friendship.n.01	None
102049108	friendship.n.01	None
102049129	friendship.n.01	None
102049148	unanimity.n.01	None
102049180	friendship.n.01	None
102059890	love.n.01	0.929
102071529	friendship.n.01	None
102077534	friendship.n.01	None
118869888	friendship.n.01	None
102092853	friendship.n.01	None
118880634	friendship.n.01	None
118891723	friendship.n.01	None
118896607	friendship.n.01	None
102138882	friendship.n.01	None
102140836	love.n.01	0.811
102145330	love.n.01	0.876
118945106	love.n.01	0.796
118946434	love.n.01	0.672
118946444	love.n.01	0.564
102187676	amity.n.02	0.758
102192601	friendship.n.01	None
102197111	friendliness.n.01	0.683
102200859	love.n.01	0.914
102215106	friendship.n.01	None
102215144	friendship.n.01	None
102215238	friendliness.n.02	0.882
102215439	friendliness.n.02	0.605
102215865	friendliness.n.01	0.53
102216877	friendliness.n.01	0.522
102217225	friendliness.n.01	0.558
102220003	friendliness.n.02	0.676
102227781	love.n.01	0.83
102236898	friendliness.n.01	0.596
102242866	friendship.n.01	None
102259597	friendship.n.01	None
102263358	friendship.n.01	None
102263438	friendship.n.01	None
119041328	friendship.n.01	None
102264783	love.n.01	0.623
102271987	amity.n.02	0.829
119059668	friendship.n.01	None
119080940	love.n.01	0.673
102310529	amity.n.01	0.917
102317449	friend.n.01	0.989
102317458	friend.n.01	0.976
102321679	friendship.n.01	None
102323552	friendliness.n.01	0.693
102325244	friendship.n.01	None
102327387	friendship.n.01	None
102331544	friendship.n.01	None
102433560	friendship.n.01	None
102444680	friendship.n.01	None
102465514	friendship.n.01	None
110859446	love.n.01	0.941
102490508	amity.n.02	0.846
103026683	friendship.n.01	None
103038669	friendship.n.01	None
103049315	friendship.n.01	None
103059560	friendship.n.01	None
103063679	friendship.n.01	None
103070707	friendship.n.01	None
103077248	friendship.n.01	None
103079273	friendship.n.01	None
103086479	solicitude.n.01	None
103092402	friendship.n.01	None
103093265	friendliness.n.02	0.691
103101323	friendship.n.01	None
103104062	friendship.n.01	None
103109574	friendship.n.01	None
103118626	friendship.n.01	None
103149654	friendship.n.01	None
103175103	amity.n.02	0.869
103175913	loyalty.n.01	0.923
103204599	friendliness.n.01	0.544
103229682	friendship.n.01	None
103297552	friendship.n.01	None
103339334	alliance.n.01	0.769
103345359	friendship.n.01	None
103345485	friendship.n.01	None
103346281	friendship.n.01	None
103347274	friendship.n.01	None
103348820	friendship.n.01	None
103351072	friendship.n.01	None
103364493	friendship.n.01	None
103364711	friendship.n.01	None
103365402	affection.n.01	None
103390111	friendship.n.01	None
103390607	friendship.n.01	None
103390813	friendship.n.01	None
103391084	friendship.n.01	None
103407024	friendship.n.01	None
103421006	friend.n.01	0.934
103437433	friendship.n.01	None
103457991	friendship.n.01	None
103458003	friendship.n.01	None
103461109	friendship.n.01	None
103472482	friendship.n.01	None
103472525	friendship.n.01	None
103472685	friendship.n.01	None
103536501	friendship.n.01	None
103569455	love.n.01	0.893
103585436	friendship.n.01	None
103593894	friendship.n.01	None
103594015	affection.n.01	None
103594553	friendship.n.01	None
103640604	love.n.01	0.878
103682024	friendliness.n.02	0.566
103682683	friendship.n.01	None
103682699	friendship.n.01	None
103682745	friendship.n.01	None
103682793	friendship.n.01	None
103682841	friendship.n.01	None
103682921	friendship.n.01	None
103683147	friendship.n.01	None
103683200	friendship.n.01	None
103683253	affection.n.01	None
103683427	friendship.n.01	None
103683914	friendship.n.01	None
103684024	friendship.n.01	None
103684074	friendship.n.01	None
103684083	friendship.n.01	None
103684096	friendship.n.01	None
103684128	friendship.n.01	None
103684178	friendship.n.01	None
103684210	friendship.n.01	None
103684243	friendship.n.01	None
103684349	friendship.n.01	None
103684410	friendship.n.01	None
103684456	friendship.n.01	None
103684747	friendship.n.01	None
103684851	friendship.n.01	None
103684990	friendship.n.01	None
103685009	friendship.n.01	None
103685068	friendship.n.01	None
103685150	friendship.n.01	None
103685185	friendship.n.01	None
103685206	friendship.n.01	None
103685237	friendship.n.01	None
103685291	friendship.n.01	None
103685327	friendship.n.01	None
103685397	friendship.n.01	None
103685474	friendship.n.01	None
103685665	friendship.n.01	None
103685889	friendship.n.01	None
103685917	friendship.n.01	None
103686155	friendship.n.01	None
103686166	friendship.n.01	None
103686200	friendship.n.01	None
103686439	friendship.n.01	None
103686469	friendship.n.01	None
103686676	friendship.n.01	None
103686894	friendship.n.01	None
103686970	friendship.n.01	None
103687039	friendship.n.01	None
103687041	friendship.n.01	None
103687200	love.n.01	0.881
103687369	friendship.n.01	None
103687431	friendship.n.01	None
103687460	friendship.n.01	None
103687788	friendship.n.01	None
103687975	affection.n.01	None
103688166	affection.n.01	None
103688211	friendship.n.01	None
103688252	friendship.n.01	None
103688265	friendship.n.01	None
103688329	friendship.n.01	None
103688343	friendship.n.01	None
103688369	friendship.n.01	None
103688394	friendship.n.01	None
103688398	friendship.n.01	None
103688502	friendship.n.01	None
103688599	friendship.n.01	None
103688785	friendship.n.01	None
103688808	friendship.n.01	None
103688843	friendship.n.01	None
103689051	partnership.n.02	0.916
103689099	friendship.n.01	None
103689116	friendship.n.01	None
103689213	friendship.n.01	None
103689235	friendship.n.01	None
103689419	friendship.n.01	None
103689441	friendship.n.01	None
103689463	friendship.n.01	None
103689541	friendship.n.01	None
103689549	friendship.n.01	None
103689719	friendship.n.01	None
103689763	friendship.n.01	None
103689812	friendship.n.01	None
103689863	friendship.n.01	None
103689869	friendship.n.01	None
103689917	friendship.n.01	None
103689930	friendship.n.01	None
103689940	friendship.n.01	None
103689950	friendship.n.01	None
103690095	friendship.n.01	None
103690345	friendship.n.01	None
103690392	friendship.n.01	None
103690550	friendship.n.01	None
103690823	friendship.n.01	None
103691073	friendship.n.01	None
103691078	friendship.n.01	None
103691110	friendship.n.01	None
103691137	friendship.n.01	None
103691157	friendship.n.01	None
103691277	friendship.n.01	None
103691861	friendship.n.01	None
103691935	friendship.n.01	None
120553762	friendship.n.01	None
120554003	friendship.n.01	None
120554107	friendship.n.01	None
120554195	friendship.n.01	None
120554224	friendship.n.01	None
103791388	love.n.01	0.941
120646730	harmony.n.03	0.705
120646751	friendship.n.01	None
120648268	friendship.n.01	None
103925416	friendship.n.01	None
120764118	friendship.n.01	None
120777189	friendship.n.01	None
120788635	friendship.n.01	None
120790058	friendship.n.01	None
104018246	love.n.01	0.809
120837255	friendship.n.01	None
104072636	love.n.01	0.876
104104555	love.n.01	0.928
104153282	love.n.01	0.519
104171071	friendship.n.01	None
120970610	friendship.n.01	None
104217093	love.n.01	0.745
104219197	friendship.n.01	None
104223287	friendship.n.01	None
104260010	love.n.01	0.961
104270434	love.n.01	0.794
104289517	friendship.n.01	None
104290576	friend.n.01	0.995
104290692	relationship.n.02	0.392
104300296	friendship.n.01	None
104303615	affection.n.01	None
104306093	friendship.n.01	None
104306152	friendship.n.01	None
104306189	friendship.n.01	None
104306233	friendship.n.01	None
104306948	love.n.01	0.896
104307106	friendliness.n.01	0.541
121089388	friendship.n.01	None
104321453	friendship.n.01	None
104321461	friendship.n.01	None
104326936	friendship.n.01	None
104333905	friendliness.n.02	0.767
104344785	loyalty.n.01	0.782
104344951	loyalty.n.01	0.701
121139301	friendliness.n.02	0.541
121177944	friendship.n.01	None
121178397	friendship.n.01	None
121178744	friendship.n.01	None
121190562	friendship.n.01	None
121190948	friendship.n.01	None
121191039	friendship.n.01	None
121191667	friendship.n.01	None
121191705	friendship.n.01	None
121192028	friendship.n.01	None
121192268	friendship.n.01	None
121193411	friendship.n.01	None
121193747	alliance.n.02	0.598
121204297	friendship.n.01	None
121234839	friendship.n.01	None
121235976	friendship.n.01	None
121236006	friendship.n.01	None
121240955	friendship.n.01	None
121241105	friendship.n.01	None
121241164	friendship.n.01	None
121241770	friendship.n.01	None
121241896	friendship.n.01	None
121242168	friendship.n.01	None
121242242	friendship.n.01	None
121242371	friendship.n.01	None
121242709	friendship.n.01	None
121242859	friendship.n.01	None
121242888	friendship.n.01	None
121246640	friendship.n.01	None
104470911	friendship.n.01	None
121248660	friendship.n.01	None
121251593	friend.n.01	0.927
121251826	friendship.n.01	None
121252228	friendship.n.01	None
121252693	friend.n.01	0.921
121259944	friendship.n.01	None
104483069	friendship.n.01	None
104485152	love.n.01	0.846
104485912	friendship.n.01	None
104485922	friendship.n.01	None
121265451	friendship.n.01	None
121265476	friendship.n.01	None
121272173	friendship.n.01	None
121272386	friendship.n.01	None
121272590	friendship.n.01	None
121272782	friendship.n.01	None
104505924	friendliness.n.02	0.684
121290046	friendship.n.01	None
121341860	friendship.n.01	None
104570948	friendship.n.01	None
104570960	friendship.n.01	None
104573806	friendship.n.01	None
104573844	friendship.n.01	None
104575049	friendship.n.01	None
104575056	friendship.n.01	None
104581554	friendship.n.01	None
121421991	friendship.n.01	None
121533612	love.n.01	0.93
113316800	friendship.n.01	None
113325198	murderer.n.01	None
113328361	friendship.n.01	None
113344180	peace.n.01	0.451
113351350	friendship.n.01	None
113354039	friendship.n.01	None
113412333	friendship.n.01	None
105042462	friendship.n.01	None
113432502	friendship.n.01	None
105054901	friend.n.01	0.97
105054926	friendship.n.01	None
105055729	friendship.n.01	None
105055828	friend.n.01	0.92
105056201	friendship.n.01	None
105056652	friendship.n.01	None
113489169	friendship.n.01	None
113491337	friendship.n.01	None
113504579	friendship.n.01	None
113504613	friend.n.01	0.975
113504750	friendship.n.01	None
113504770	friendship.n.01	None
113504836	friendship.n.01	None
113504875	friendship.n.01	None
113505015	friendship.n.01	None
113505070	friendship.n.01	None
113505160	friendship.n.01	None
113505465	friendship.n.01	None
113505487	friend.n.01	0.99
113505551	friend.n.01	0.983
113507367	friendship.n.01	None
113507458	friendship.n.01	None
113507604	friendship.n.01	None
113508162	friendship.n.01	None
105120682	alliance.n.01	0.74
113509796	friendship.n.01	None
113509858	friendship.n.01	None
113510053	friendship.n.01	None
113511024	friendship.n.01	None
113513362	reconciliation.n.01	0.986
113514495	friendship.n.01	None
113514618	friendship.n.01	None
105136227	friendship.n.01	None
105142710	friendship.n.01	None
105147280	friendship.n.01	None
105147411	friendship.n.01	None
105153776	friendship.n.01	None
105158158	friendship.n.01	None
105158266	hostility.n.02	0.722
105161395	friendship.n.01	None
113552128	disfavor.n.02	0.504
105166735	alliance.n.01	0.542
105168708	friendship.n.01	None
105171503	friendship.n.01	None
105171953	friendship.n.01	None
105172089	friendship.n.01	None
105172675	friendship.n.01	None
105172780	alliance.n.03	0.353
105176383	allegiance.n.02	0.982
105180251	friendship.n.01	None
105180362	friendship.n.01	None
105182523	friendship.n.01	None
113571639	friendship.n.01	None
105185444	alliance.n.01	0.495
105188040	friendship.n.01	None
105194003	friendship.n.01	None
105194709	ally.n.02	0.504
105194850	alliance.n.01	0.74
105202632	alliance.n.01	0.639
105203651	friendship.n.01	None
105205333	alliance.n.01	0.966
105205528	alliance.n.01	0.397
105209452	friendship.n.01	None
105210230	friendship.n.01	None
105215239	friendship.n.01	None
105216000	friendship.n.01	None
105216318	alliance.n.01	0.608
105224799	friendship.n.01	None
105225173	alliance.n.01	0.763
105225279	friendship.n.01	None
105225349	alliance.n.01	0.665
113649951	friendship.n.01	None
113660036	friendship.n.01	None
105277023	friend.n.01	0.968
105277105	alliance.n.01	0.92
105277122	alliance.n.01	0.92
105277241	alliance.n.01	0.797
105277266	alliance.n.01	0.701
105277329	peace.n.02	0.497
105277339	peace.n.05	0.754
105277435	alliance.n.01	0.713
113668358	friendship.n.01	None
113668404	friendship.n.01	None
113668465	friendship.n.01	None
113669084	friendship.n.01	None
105280506	friendship.n.01	None
105283365	friendship.n.01	None
113684358	friendship.n.01	None
105301549	friendship.n.01	None
113692858	friendship.n.01	None
113695399	friendship.n.01	None
113695452	friendship.n.01	None
105312505	friendship.n.01	None
105312703	friendship.n.01	None
105312825	friend.n.01	0.97
105313490	friendship.n.01	None
113707793	friendship.n.01	None
105326578	alliance.n.01	0.632
113717162	alliance.n.01	0.68
105329047	friendship.n.01	None
105329094	friend.n.01	0.51
113727806	friendship.n.01	None
113729399	friendship.n.01	None
105341162	friendship.n.01	None
113733038	friendship.n.01	None
105365001	friendship.n.01	None
105366894	friendship.n.01	None
105368902	friendship.n.01	None
105379498	friendship.n.01	None
105379505	friendship.n.01	None
105383016	friendship.n.01	None
105386598	alliance.n.01	0.827
105387500	friendship.n.01	None
105387542	friendship.n.01	None
105387631	friend.n.01	0.768
105391189	alliance.n.01	0.802
105392743	alliance.n.03	0.628
105392847	alliance.n.03	0.55
105392978	alliance.n.03	0.605
105393041	alliance.n.01	0.693
105394388	friendship.n.01	None
105395184	alliance.n.03	0.505
105396990	alliance.n.01	0.614
105397788	alliance.n.01	0.576
105402094	friendship.n.01	None
105407941	friendship.n.01	None
105409418	alliance.n.01	0.652
105412258	friendship.n.01	None
105416377	alliance.n.01	0.441
105416471	friendship.n.01	None
105417638	friend.n.01	0.951
105424098	friendship.n.01	None
105429478	friendship.n.01	None
105432094	friendship.n.01	None
105432132	alliance.n.01	0.668
105436220	friendship.n.01	None
105440964	alliance.n.01	0.668
105443687	friendship.n.01	None
105443804	alliance.n.03	0.505
105444525	friendship.n.01	None
105444641	friendship.n.01	None
105461345	friendship.n.01	None
105764651	friendship.n.01	None
105772957	friendship.n.01	None
105773161	friendship.n.01	None
105773285	friendship.n.01	None
105813397	friendship.n.01	None
122628871	friendship.n.01	None
122629965	friendship.n.01	None
122630244	friendship.n.01	None
122630482	friendship.n.01	None
122630506	friendship.n.01	None
122635449	friendship.n.01	None
122643677	friendship.n.01	None
122643745	friendship.n.01	None
122643759	friendship.n.01	None
122654917	friendship.n.01	None
122657633	friendship.n.01	None
122668511	friendship.n.01	None
122668552	friendship.n.01	None
122690218	friendship.n.01	None
122690265	friendship.n.01	None
122690880	friendship.n.01	None
122690902	love.n.01	0.901
122696085	friendship.n.01	None
122697679	friendship.n.01	None
122700780	friendship.n.01	None
122702509	love.n.01	0.916
122706740	friendship.n.01	None
122717302	love.n.01	0.938
122733515	friendship.n.01	None
122736423	friend.n.01	0.968
122736449	friendship.n.01	None
122742376	friendship.n.01	None
122763390	harmony.n.03	0.717
106155580	friendship.n.01	None
106172746	friendship.n.01	None
106182042	friendship.n.01	None
106204328	friendship.n.01	None
114602544	friendship.n.01	None
114603319	friendship.n.01	None
106229774	friendship.n.01	None
106235626	affection.n.01	None
106236264	friendship.n.01	None
106236364	friendship.n.01	None
106236426	friendship.n.01	None
114637768	friendship.n.01	None
106261092	friendship.n.01	None
123040668	friendship.n.01	None
114658962	friendship.n.01	None
106285486	friendship.n.01	None
106286525	friendship.n.01	None
106286661	friendship.n.01	None
106287163	affection.n.01	None
106312329	friendship.n.01	None
106315427	affection.n.01	None
106316610	affection.n.01	None
106360863	friendship.n.01	None
106361376	friendship.n.01	None
106381677	friendship.n.01	None
106390385	friend.n.01	0.934
106397642	friendship.n.01	None
106429656	friendship.n.01	None
106441602	friendship.n.01	None
106448914	friendship.n.01	None
106450068	friendship.n.01	None
106452551	friendship.n.01	None
106465113	friendship.n.01	None
106468717	friendship.n.01	None
106474254	communication.n.01	0.616
123263669	love.n.01	0.903
106493145	love.n.01	0.972
106493322	friendship.n.01	None
106501486	friendship.n.01	None
106505925	friendship.n.01	None
106513410	friendship.n.01	None
106516650	friendship.n.01	None
106519384	friendship.n.01	None
106519392	friend.n.01	0.982
106521024	friendship.n.01	None
106533316	friendship.n.01	None
106538892	friendship.n.01	None
123319838	friendship.n.01	None
123321407	friendship.n.01	None
123323741	friendship.n.01	None
106548521	love.n.01	0.937
123327147	friendship.n.01	None
123327897	friendship.n.01	None
123328048	friendship.n.01	None
123328067	friendship.n.01	None
123328082	friendship.n.01	None
123328105	friendship.n.01	None
123330851	friend.n.01	0.995
123335183	love.n.01	0.833
106559759	friendship.n.01	None
106560136	friendship.n.01	None
123338860	friendship.n.01	None
123339433	friendship.n.01	None
123343484	friendship.n.01	None
123343621	friendship.n.01	None
123343635	friendship.n.01	None
123343683	friendship.n.01	None
123343743	friendship.n.01	None
123343756	friendship.n.01	None
123343834	friendship.n.01	None
123343853	friendship.n.01	None
123343868	friendship.n.01	None
123343891	friendship.n.01	None
123343976	friendship.n.01	None
123344070	friendship.n.01	None
123344501	friendship.n.01	None
123344906	friendship.n.01	None
123344974	friendship.n.01	None
123345009	friendship.n.01	None
123345027	friendship.n.01	None
114985714	love.n.01	0.97
106747079	friendship.n.01	None
106762148	friendship.n.01	None
106762418	friendship.n.01	None
106762487	friendship.n.01	None
123541000	friendship.n.01	None
123541260	friendship.n.01	None
123541422	friendship.n.01	None
106764281	friendship.n.01	None
106764315	friendship.n.01	None
106771121	friendship.n.01	None
123550779	friendship.n.01	None
106778050	friendship.n.01	None
123555531	friendship.n.01	None
123555585	friendship.n.01	None
106786370	friendship.n.01	None
106786888	friendship.n.01	None
106788853	friendship.n.01	None
106788935	relation.n.06	0.618
123572971	friendship.n.01	None
123573854	friendship.n.01	None
106798153	friendship.n.01	None
106801345	friendship.n.01	None
106811530	friendship.n.01	None
106815142	friendship.n.01	None
106817710	friendship.n.01	None
106830876	friendship.n.01	None
106850181	friendship.n.01	None
106850202	friendship.n.01	None
106855032	friendship.n.01	None
115271053	friendship.n.01	None
115271091	friendship.n.01	None
115271199	friendship.n.01	None
115271222	friendship.n.01	None
115271277	friendship.n.01	None
115271313	friendship.n.01	None
115271375	friendship.n.01	None
106883324	friendship.n.01	None
115273955	friendship.n.01	None
106885982	friendship.n.01	None
106889265	friendship.n.01	None
106892452	friendship.n.01	None
106896883	friendship.n.01	None
106897959	friendship.n.01	None
106912985	friendship.n.01	None
106913623	friendship.n.01	None
106931613	friendship.n.01	None
106931890	love.n.01	0.544
115329634	friendship.n.01	None
115331319	friendship.n.01	None
115334537	friendship.n.01	None
115336132	friendship.n.01	None
115336820	peace.n.02	0.665
115339306	friendship.n.01	None
115344367	hostility.n.02	0.74
115347414	friendship.n.01	None
115347547	friendship.n.01	None
115347695	friendship.n.01	None
115347775	friendship.n.01	None
115359735	friendship.n.01	None
115363035	friendship.n.01	None
115363455	friendship.n.01	None
115365131	friendship.n.01	None
115365216	friendship.n.01	None
115379251	friendship.n.01	None
115383270	friendship.n.01	None
115386181	friendship.n.01	None
115386458	friendship.n.01	None
115394200	friendship.n.01	None
115403782	friendship.n.01	None
115424751	friendship.n.01	None
115432103	friendship.n.01	None
115432958	friendship.n.01	None
115440629	love.n.01	0.955
115441868	friendship.n.01	None
115442068	friendship.n.01	None
115444295	devotion.n.01	0.551
115446256	friendship.n.01	None
115450194	friendship.n.01	None
107063306	friendship.n.01	None
115454086	friendship.n.01	None
107070797	friendship.n.01	None
115460086	friendship.n.01	None
115460228	friendship.n.01	None
115461285	alliance.n.04	0.401
107074610	friendship.n.01	None
107079154	peace.n.02	0.486
115468583	friendship.n.01	None
115469687	friendship.n.01	None
115470571	alliance.n.04	0.513
115471826	alliance.n.01	0.527
107091865	friendship.n.01	None
107097412	friendship.n.01	None
115487267	friendship.n.01	None
107098853	friendship.n.01	None
107098990	alliance.n.01	0.765
107101669	peace.n.02	0.657
107101720	peace.n.02	0.488
107101859	friendship.n.01	None
107102110	friendship.n.01	None
107104737	league.n.02	0.993
107112092	alliance.n.04	0.506
115501806	friendship.n.01	None
107113474	friendship.n.01	None
107114331	friendship.n.01	None
107114442	peace.n.02	0.705
107114686	peace.n.02	0.651
107121617	friendship.n.01	None
115511170	friendliness.n.02	0.615
107124762	friendship.n.01	None
107125479	friendship.n.01	None
107127236	friendship.n.01	None
107129952	friendship.n.01	None
107132277	friendship.n.01	None
107132547	friendship.n.01	None
107136775	friendship.n.01	None
115526467	friendship.n.01	None
107139217	friendship.n.01	None
115533064	friendship.n.01	None
107149434	friendship.n.01	None
115539088	friendship.n.01	None
107156218	friendship.n.01	None
107157102	friendship.n.01	None
107169113	friendship.n.01	None
115560477	relation.n.06	0.864
115560624	friendship.n.01	None
107176001	friendship.n.01	None
107176057	friendship.n.01	None
107177276	friendship.n.01	None
107178394	friendship.n.01	None
107181746	friendship.n.01	None
107183096	peace.n.02	0.431
107183381	friendship.n.01	None
107183564	friendship.n.01	None
107183582	friendship.n.01	None
107183738	friendship.n.01	None
115573559	alliance.n.01	0.474
107186713	friendship.n.01	None
107187679	friendship.n.01	None
107192280	friendship.n.01	None
107193120	friendship.n.01	None
107194919	friendship.n.01	None
107199683	friendship.n.01	None
107199740	friendship.n.01	None
107207493	peace.n.02	0.604
115603195	friendship.n.01	None
107217238	friendship.n.01	None
107222696	friendship.n.01	None
115616188	friend.n.01	0.926
107240462	friendship.n.01	None
115632305	friendship.n.01	None
107251389	friendship.n.01	None
107252050	friendship.n.01	None
107252144	friendship.n.01	None
107253455	friendship.n.01	None
107255429	friendship.n.01	None
107255828	friendship.n.01	None
107258393	friendship.n.01	None
107260538	friendship.n.01	None
107261085	friendship.n.01	None
107263205	friendship.n.01	None
107264972	friendship.n.01	None
115654821	friendship.n.01	None
107267147	friendship.n.01	None
107267182	friendship.n.01	None
107272247	friendship.n.01	None
107272279	friendship.n.01	None
107272345	friendship.n.01	None
107272372	friendship.n.01	None
107273420	friendship.n.01	None
107274592	friendship.n.01	None
115673638	friendship.n.01	None
115675406	friendship.n.01	None
107287412	friendship.n.01	None
115684997	friendship.n.01	None
115690384	friend.n.01	0.946
107304574	friendship.n.01	None
115695055	friendship.n.01	None
115698000	friendship.n.01	None
115698529	friendship.n.01	None
115699200	friendship.n.01	None
115700894	friendship.n.01	None
107314207	friendship.n.01	None
115705555	friendship.n.01	None
107317515	friendship.n.01	None
107317597	peace.n.02	0.625
107318556	peace.n.02	0.365
115716772	friendship.n.01	None
115718429	friendship.n.01	None
107335420	friendship.n.01	None
115725434	friendship.n.01	None
107344016	friendship.n.01	None
107352335	friendship.n.01	None
107359624	friendship.n.01	None
115748248	friendship.n.01	None
107359743	friendship.n.01	None
107359756	friendship.n.01	None
115749757	friendship.n.01	None
115749780	friendship.n.01	None
107363145	friendship.n.01	None
107363738	friendship.n.01	None
107364293	friendship.n.01	None
107365648	friendship.n.01	None
107365693	friendship.n.01	None
107365967	friendship.n.01	None
107368889	friendship.n.01	None
115789097	friend.n.01	0.993
115789450	friendship.n.01	None
115789829	friendship.n.01	None
115789873	friendship.n.01	None
115810092	friendship.n.01	None
115810102	friendship.n.01	None
107426659	friendship.n.01	None
115817186	confidence.n.02	0.539
115820036	friendship.n.01	None
115850521	friendship.n.01	None
115863391	friendship.n.01	None
115863502	friendship.n.01	None
115863548	friendship.n.01	None
115863568	friendship.n.01	None
115863782	friendship.n.01	None
115889235	friendship.n.01	None
115889382	friendship.n.01	None
115900910	friendship.n.01	None
115902991	friendship.n.01	None
115903021	friendship.n.01	None
115903265	friendship.n.01	None
115903659	kindness.n.01	0.639
124306054	friendship.n.01	None
115921009	friendship.n.01	None
124311710	ally.n.01	0.509
115934108	friendship.n.01	None
115934132	friendship.n.01	None
107576352	friendship.n.01	None
107591675	amity.n.02	0.913
107591942	friendship.n.01	None
115981782	friendship.n.01	None
107596324	friendship.n.01	None
107599589	friendship.n.01	None
115989570	friendship.n.01	None
115999235	friend.n.01	0.695
115999760	friendship.n.01	None
116000721	friendship.n.01	None
116000939	league.n.02	0.996
116002755	friendship.n.01	None
116002779	friendship.n.01	None
116003301	friendship.n.01	None
116003440	friendship.n.01	None
116006149	friendship.n.01	None
116008009	friend.n.01	0.883
116008056	friendship.n.01	None
116008472	friendship.n.01	None
116008492	friendship.n.01	None
116008534	friendship.n.01	None
116011392	friendship.n.01	None
116012462	friendship.n.01	None
116012793	friendship.n.01	None
116012811	friendship.n.01	None
116012865	friendship.n.01	None
116012989	friendship.n.01	None
116013189	league.n.02	0.999
116016104	friendship.n.01	None
116016144	friendship.n.01	None
107628787	friendship.n.01	None
116020830	friendship.n.01	None
107632304	friendship.n.01	None
107632514	friendship.n.01	None
107634121	friendship.n.01	None
116025617	friendship.n.01	None
107637372	friendship.n.01	None
107637411	friendship.n.01	None
107637446	friendship.n.01	None
107637455	friendship.n.01	None
116026689	friendship.n.01	None
116027423	friendship.n.01	None
116028409	friendship.n.01	None
116028863	friendship.n.01	None
116029177	friendship.n.01	None
116029684	friendship.n.01	None
116031167	friendship.n.01	None
116031262	friendship.n.01	None
116031644	friendship.n.01	None
116031717	friendship.n.01	None
116034270	friendship.n.01	None
116037183	friendship.n.01	None
116047070	friendship.n.01	None
116047652	friendship.n.01	None
116048562	friendship.n.01	None
116048792	friendship.n.01	None
116049032	friendship.n.01	None
107662957	friendship.n.01	None
107665906	friendship.n.01	None
107665932	friendship.n.01	None
116055452	friendship.n.01	None
116056342	friend.n.01	0.895
116061218	friendship.n.01	None
116061341	friendship.n.01	None
116073615	friendship.n.01	None
116075832	friendship.n.01	None
116076870	friendship.n.01	None
116078545	friendship.n.01	None
116081091	friendship.n.01	None
116081883	friendship.n.01	None
116082739	love.n.01	0.785
116093131	favor.n.03	0.594
116095890	friendship.n.01	None
116096117	friendship.n.01	None
116097925	friendship.n.01	None
116098301	friendship.n.01	None
116098844	friendship.n.01	None
116098889	friendship.n.01	None
116098983	friendship.n.01	None
107713905	friendship.n.01	None
116106110	friend.n.01	0.917
116106571	friend.n.01	0.983
116106748	league.n.02	0.996
116108809	friendship.n.01	None
107724642	friend.n.01	0.576
116117472	friend.n.01	0.985
107730986	friendship.n.01	None
107731034	friendship.n.01	None
116120841	friendship.n.01	None
116121926	friendship.n.01	None
116122871	friendship.n.01	None
116124424	friendship.n.01	None
107742845	friend.n.01	0.724
116132965	friendship.n.01	None
116135441	friendship.n.01	None
116137477	friendship.n.01	None
124533981	friendship.n.01	None
116145506	friendship.n.01	None
107757262	friendship.n.01	None
124537550	friendship.n.01	None
107762770	friendship.n.01	None
116156183	friendship.n.01	None
116156244	friendship.n.01	None
107771369	friend.n.01	0.887
107771394	attachment.n.01	0.79
124549992	friendship.n.01	None
116162854	friendship.n.01	None
124553662	friendship.n.01	None
107779480	friendship.n.01	None
124558751	friendship.n.01	None
124558794	friendship.n.01	None
116170984	friendship.n.01	None
124561712	friendship.n.01	None
116176587	friendship.n.01	None
116177029	friendship.n.01	None
124568027	friendship.n.01	None
116183153	friendship.n.01	None
124572997	friendship.n.01	None
116187608	friendship.n.01	None
116187674	friendship.n.01	None
116187957	friendship.n.01	None
116188552	friendship.n.01	None
116189752	friendship.n.01	None
116193093	friendship.n.01	None
116193338	friendship.n.01	None
107809113	friendship.n.01	None
107809158	friendship.n.01	None
116199032	friendship.n.01	None
116199627	friendship.n.01	None
116199721	friendship.n.01	None
116203073	friendship.n.01	None
124595360	friendship.n.01	None
124597221	friendship.n.01	None
107822152	friendship.n.01	None
124600928	friendship.n.01	None
107836807	peace.n.02	0.631
124618704	friendship.n.01	None
107841731	friendship.n.01	None
107844163	friendship.n.01	None
116242815	friendship.n.01	None
116307699	friendship.n.01	None
116308466	friendship.n.01	None
116330249	love.n.01	0.495
116330259	love.n.01	0.969
116333280	friendship.n.01	None
124733840	friend.n.01	0.915
124733973	friendship.n.01	None
124734073	friendship.n.01	None
124734650	friendship.n.01	None
124734824	friendship.n.01	None
124768972	alliance.n.01	0.729
124769329	friendship.n.01	None
124772183	friendship.n.01	None
124772766	friendship.n.01	None
124772817	friendship.n.01	None
108069000	amity.n.02	0.846
108069433	amity.n.02	0.939
108071766	friendship.n.01	None
108071815	amity.n.02	0.94
108071866	friendship.n.01	None
108072586	amity.n.02	0.938
108075117	friendship.n.01	None
108075155	friendship.n.01	None
108075259	friendship.n.01	None
108075287	friendship.n.01	None
108075418	amity.n.02	0.914
108077783	friendship.n.01	None
108077893	friendship.n.01	None
108079006	friendship.n.01	None
108082988	amity.n.02	0.879
108085163	friendship.n.01	None
108147585	love.n.01	0.696
108148476	love.n.04	0.421
108149635	affection.n.01	None
108151679	friendliness.n.02	0.631
108152504	love.n.01	0.849
108153172	friendship.n.01	None
108156618	friendship.n.01	None
108157376	sexual_love.n.02	0.411
108184912	friend.n.01	0.796
108185494	friendship.n.01	None
108192719	friendship.n.01	None
108193981	love.n.01	0.61
116587880	love.n.01	0.806
108199462	friendship.n.01	None
108200708	love.n.01	0.965
108201781	love.n.01	0.901
116771992	amity.n.02	0.761
116777589	friendliness.n.02	0.643
116787809	friendship.n.01	None
116799465	friendship.n.01	None
116805439	friendship.n.01	None
116805765	friendship.n.01	None
116807564	friendship.n.01	None
116808292	passion.n.01	0.523
116845267	relation.n.01	0.764
116863002	friendship.n.01	None
116868192	friendship.n.01	None
116875371	friendship.n.01	None
116882378	affection.n.01	None
116888935	friendship.n.01	None
116888961	friendship.n.01	None
116902509	friendship.n.01	None
116907963	friendship.n.01	None
108524838	friend.n.01	0.976
116916294	friendship.n.01	None
108533297	friendship.n.01	None
108536113	friendship.n.01	None
108536218	friendship.n.01	None
108545941	friendship.n.01	None
108546473	friendship.n.01	None
108548100	friendship.n.01	None
108549477	modesty.n.02	0.754
108550636	friendship.n.01	None
108553153	friendship.n.01	None
108556156	friendship.n.01	None
108561803	affection.n.01	None
108562648	friendship.n.01	None
108568135	friendship.n.01	None
108570202	love.n.01	0.757
116959060	friendship.n.01	None
108570535	friendship.n.01	None
108570833	friend.n.01	0.996
108571224	friendship.n.01	None
108571844	friendship.n.01	None
108571860	friendship.n.01	None
108571876	friend.n.01	0.973
108576727	friendship.n.01	None
116970649	friendship.n.01	None
116973008	friend.n.01	0.909
108588050	supporter.n.01	0.507
116977793	friendship.n.01	None
116988460	friendship.n.01	None
108600131	friendship.n.01	None
116989173	friendship.n.01	None
116989188	peace.n.05	0.567
116989332	friendship.n.01	None
116990402	alliance.n.04	0.408
116990640	friendship.n.01	None
116990831	friendship.n.01	None
116994194	alliance.n.01	0.404
116994259	friendship.n.01	None
117000430	friendship.n.01	None
108613780	friendship.n.01	None
108614115	friendship.n.01	None
108617599	friendship.n.01	None
108638662	friendship.n.01	None
117029416	friendship.n.01	None
117030087	ally.n.02	0.904
117030499	alliance.n.04	0.411
117035377	friendship.n.01	None
108650454	friendship.n.01	None
108650930	friendship.n.01	None
108651058	friendship.n.01	None
108651754	affection.n.01	None
117043042	friend.n.01	0.937
117046399	friendship.n.01	None
117050704	alliance.n.01	0.958
117055970	nearness.n.01	None
117059427	alliance.n.01	0.612
117060614	friendship.n.01	None
108676156	friendship.n.01	None
117064873	friendship.n.01	None
108676289	friendship.n.01	None
108680229	friendship.n.01	None
108683621	friendship.n.01	None
117072736	friendship.n.01	None
117074173	friendship.n.01	None
108688561	friendship.n.01	None
100300159	friendship.n.01	None
117077526	friendship.n.01	None
117081569	friendship.n.01	None
117081993	friendship.n.01	None
117082156	alliance.n.01	0.405
117082292	friendship.n.01	None
117082618	friendship.n.01	None
100306636	friendship.n.01	None
117085212	alliance.n.01	0.95
100308231	friendship.n.01	None
117091135	friendship.n.01	None
117091560	friendship.n.01	None
117099516	friendship.n.01	None
100324357	love.n.01	0.943
117102726	friendship.n.01	None
117103120	relation.n.06	0.907
117103277	friendship.n.01	None
117106587	relation.n.06	0.882
108718184	friendship.n.01	None
100332204	friendship.n.01	None
100334477	friendship.n.01	None
108723886	friendship.n.01	None
108730699	friendship.n.01	None
108733098	friendship.n.01	None
108735730	friendship.n.01	None
108736093	friendship.n.01	None
108736247	friendship.n.01	None
108736461	friendship.n.01	None
108736823	friendship.n.01	None
108737683	friendship.n.01	None
117127197	friendship.n.01	None
100354206	love.n.01	0.84
100356190	friendship.n.01	None
100356608	friendship.n.01	None
100359837	friend.n.01	0.962
108755106	friendship.n.01	None
100371568	friendship.n.01	None
108761551	friend.n.01	0.929
117150241	friendship.n.01	None
100373519	friend.n.01	0.733
108766577	friendship.n.01	None
108766789	friendship.n.01	None
100378496	friendship.n.01	None
100378692	friendship.n.01	None
117158701	friendship.n.01	None
117167461	friendship.n.01	None
117171643	alliance.n.03	0.395
117171929	alliance.n.01	0.559
117172496	friendship.n.01	None
100395542	friendship.n.01	None
117173850	friendship.n.01	None
117176586	friendship.n.01	None
117176614	friendship.n.01	None
100400255	friendship.n.01	None
117181321	friendship.n.01	None
108793794	friendship.n.01	None
117182729	friendship.n.01	None
117182751	friendship.n.01	None
100407993	friend.n.01	0.919
117186701	friend.n.01	0.944
108801167	alliance.n.01	0.431
108802977	friendship.n.01	None
100415888	friendship.n.01	None
108805407	friendship.n.01	None
117199010	friendship.n.01	None
100421954	friend.n.01	0.918
100424099	peace.n.02	0.637
108815642	friendship.n.01	None
108816764	friendship.n.01	None
108817070	friend.n.01	0.901
100431795	league.n.02	0.974
100432279	friendship.n.01	None
100434288	amity.n.02	0.791
108823020	friendship.n.01	None
108824564	friend.n.01	0.907
108825720	friendship.n.01	None
108831530	friendship.n.01	None
117220430	friendship.n.01	None
100444546	alliance.n.01	0.546
100449949	love.n.01	0.873
108841126	friendship.n.01	None
108842631	friendship.n.01	None
108844207	friend.n.01	0.768
108844346	friendship.n.01	None
108846019	peace.n.02	0.424
108846612	friendship.n.01	None
108846624	friendship.n.01	None
108851011	friendship.n.01	None
100462898	amity.n.02	0.979
100473032	friendship.n.01	None
100475027	friend.n.01	0.791
108865821	friendship.n.01	None
100477404	amity.n.02	0.906
100478082	love.n.01	0.665
108866931	friendship.n.01	None
108868463	friendship.n.01	None
108871881	friendship.n.01	None
100484590	love.n.02	0.565
108873538	friendship.n.01	None
100489184	love.n.01	0.457
108881289	friendship.n.01	None
100509647	friendship.n.01	None
108901725	friendship.n.01	None
108901768	friendship.n.01	None
108901822	friendship.n.01	None
108918305	friendship.n.01	None
108923184	friend.n.01	0.875
108928541	friendship.n.01	None
108928952	friend.n.01	0.972
108930678	friendship.n.01	None
108933720	friendship.n.01	None
108933938	friendship.n.01	None
108934338	alliance.n.01	0.463
117327897	friendship.n.01	None
108977338	friendship.n.01	None
117369196	strife.n.02	0.664
108983227	friendship.n.01	None
108986175	friendship.n.01	None
108988069	friendship.n.01	None
108991419	friendship.n.01	None
108995255	hate.n.01	None
109002212	friendship.n.01	None
109008401	friendship.n.01	None
109012166	friendship.n.01	None
109012596	friendship.n.01	None
109016388	friendship.n.01	None
109033442	friendship.n.01	None
109035877	friendship.n.01	None
109049987	friend.n.01	0.886
